zone,area_id,area_name,building_name,specific_location,latitude,longitude
SWAAZ,1987,Betel,,111170-Mini-OLT-Federal_Camp.ZTE.C620.SWAAZ.AA,9.021380,38.707680
SWAAZ,2047,Lideta,,111418-Mini_DSLAM-Amaga-Building_9806H.ZTE.SWAAZ.AA,9.002812,38.745008
EAAZ,5974,Goro-Figa,,OLT-113144.HW.Mini_OLT_Goro_Selase.EAAZ,8.98665481,38.84590838
SAAZ,5908,Gotera,,NOKIA_MDU_Wengelawit_BLDG,8.981187,38.763650
SAAZ,184,Nefas Silk,,111123-Mini-OLT.Behere.Tsege.MA5800.HW.SAAZ,8.963045,38.757105
SAAZ,2054,Hana Mariam,,112211-OLT-Parsons-Brinckerhoff-.ZTE.C620.SAAZ.AA,8.952668,38.744975
SAAZ,2054,Kality,,111767-MDU-CCRDA.HW.Kality.SAAZ.AA,8.932140,38.762360
SAAZ,60040,Koyefeche,,113150-OLT-Koye_Feche-4.HW...SAAZ.AA,8.917290,38.822340
WAAZ,2065,Asko,,111138-Mini-OLT-Asko-Bus_station.ZTE.C620.WAAZ.AA,9.009766,38.758981
WAAZ,2019,Piassa,,111025-Mini-OLT-Eribekentu.HW.WAAZ.AA,9.028995,38.757777
WAAZ,2022,Medhanealem School,,111683-Mini-OLT-Kechene_Tachegnaw_Mekateya.ZTE.C620.WAAZ.AA,9.067650,38.752827
WAAZ,2022,Gulele,,111274-Mini_OLT_Nigeria.Embassy.ZTE.WAAZ.AA,9.048420,38.751900
WAAZ,2022,Gulele,,111060-Mini-OLT-Gulele-Egziabherab-Church.WAAZ,9.065960,38.743930
WAAZ,2019,Piassa,,112123-Mini_OLT-Ras_Emiru_Tena_Tabia.MA5800-X2.HW.WAAZ.AA,9.037460,38.739703
WAAZ,2022,Addisu Gebeya,,111068-Mini-OLT-Sheger_Menafesha.ZTE.C620.WAAZ.AA,9.055250,38.738880
WAAZ,2019,Piassa,,111668-Ethiopia_Edget_Primary_School_C650_Mini-OLT.WAAZ.AA,9.051360,38.738297
WAAZ,186,Addis Ketema,,111057-Mini-OLT-Addis_Ketema_Tele.HW.WAAZ.AA,9.034469,38.732975
WAAZ,186,Addis Ketema,,GPON-Addis_Ketema_Tele.ZTE.Addis_ketema.WAAZ.AA,9.034469,38.732975
WAAZ,2019,Arada,,OLT_111389.HW.Mini_OLT.Dire.Bldg.Shawul.Dema.WAAZ,9.030000,38.728056
WAAZ,2075,Mercato,,OLT-111142.ZTE.Mini_OLT_coca_C650.WAAZ,9.018972,38.727222
WAAZ,186,Addis Ketema,,111001-Mini-OLT-Dagmawi_Brehan_Primery_School.HW.WAAZ.AA,9.032440,38.725480
WAAZ,186,Addis Ketema,,111701_Mini_OLT_Genet_sefer.C650.ZTE..WAAZ.AA,9.021280,38.724535
WAAZ,2061,Kolife/Mesalemia,,111745_Mini_OLT_Mesalemiya.ZTE.Woreda_09.C620.WAAZ.AA,9.036198,38.722877
WAAZ,2075,Zenebe Werk,,112183-HW-Mini-OLT-Amanuel-Hoisptol-WAAZ.AA,9.028900,38.722397
WAAZ,2063,winget,,111874.ZTE.Mini_OLT_winget_IndustryVillage.WAAZ,9.061580,38.713760
WAAZ,5969,Ashewa Meda,,111147-Mini-OLT-Philiphos_Church.ZTE.C620.WAAZ.AA,9.041111,38.703611
WAAZ,2065,Asko,,113046_Mini_OLT_Birchiko.ZTE.40_60-Condominium.C620.WAAZ.AA,9.056072,38.702840
WAAZ,2065,Asko,,111062-OLT-Asko_Addis_Sefer.ZTE.C650.WAAZ.AA,9.056760,38.695770
WAAZ,2066,Burayu,,111245- Keta_Mesgid_C650_Mini-OLT.WAAZ.AA,9.069660,38.675240
WAAZ,5969,Ashewa Meda,,111243-Mini-OLT-Around_MF.ZTE..WAAZ.AA,9.059000,38.670800
WAAZ,2022,Addisu Gebeya,,111285.ZTE.Mini_OLT_burayu_mariam.WAAZ.Tel,9.067080,38.663200
WAAZ,5969,Ashewa Meda,,MSAN-ASHEWA_MWDA.ZTE.GEBRIEL_HOSPITAL.WAAZ.AA,9.0261096,38.6514099
WAAZ,2066,Burayu,,111242-Mini-Olt-Dire_Sololiya.ZTE.C650.WAAZ.AA,9.065500,38.648400
WAAZ,2066,Burayu,,113030_Mini_OLT_Burayu.ZTE.Dire_condominum.C620.WAAZ.AA,9.071966,38.646633
WAAZ,5969,Ashewa Meda,,MINI-OLT-Tatek_Industry.ZTE..WAAZ.AA,9.03586,38.6344
SAAZ,2054,Kality,,OLT-0401048.HW.OLT-Gelan-Gura.SAAZ.AA,9.053477,38.741720
SAAZ,184,Nefas Silk,,111072-Mini-OLT-Saris_cond.HW.SAAZ.AA,9.050581,38.734138
SAAZ,60040,Koyefeche,,111773-Mini_OLT_Koye_Feche_2.Hw.SAAZ.AA,9.036987,38.704490
SAAZ,2054,Kality,,211710-Mini-OLT-Echa-F00d-Complex.SAAZ.AA,8.835391,38.822495
WAAZ,2019,Alkan College,,111722-ZTE-Mini-OLT-C620-.Alkan.College.WAAZ.AA,9.053477,38.741720
WAAZ,186,Addis Ketema,,112094-Mini-OLT.ZTE.Federal_Police_Camp.ZTE.C620.Lideta.WAAZ.AA,9.050581,38.734138
WAAZ,186,Addis Ketema,,111160-OLT-Tero_Meda.ZTE.C620.Addis_Ketema.WAAZ.AA,9.036987,38.704490
SWAAZ,2047,Lideta,,MDU-7165.HW.Inside_Africa_Union.Mexico.SWAAZ.AA,8.999612,38.744847
SAAZ,184,Nefas Silk,,Nokia_MDU_GUAVA-ADDIS-TOWER,8.982928,38.754161
SAAZ,2054,Kality,,111127-Mini-OLT-Leake_Edget_School.ZTE.C620.SAAZ.AA,8.980100,38.752610
SAAZ,5908,Gotera,,MSAN-206.ZTE.Gotera_Squar.SAAZ.AA,8.979759,38.761148
SAAZ,5952,Bole Bulbula,,113064-Mini-OLT-Doctoroch-Sefer-ZTE-C620.SAAZ,8.959871,38.780356
SAAZ,184,Nefas Silk,,OLT-117101.ZTE.Mini_OLT_TradeAbo_tel_C650.SAAZ,8.950720,38.769120
SAAZ,2054,Hana Mariam,,OLT-111555.HW.OLT_lafto_besot.SAAZ,8.949171,38.741072
SAAZ,2056,Akaki,,111767-MDU-9806H-Oromia_Construction_Corporation.ZTE.SAAZ.AA,8.933359,38.764973
SWAAZ,5949,Alem Gena,,OLT-117105-Kebele-08-HW-5800-x2.SWAAZ,8.928270,38.673736
WAAZ,2019,Arada,,OLT.HW.Mini_OLT_Arada-_2.WAAZ.AA,9.039436,38.75154
WAAZ,2022,AddisuGebya,,MDU-0012.HW.Semen_Mezegaja.WAAZ.AA,9.053477,38.74254
WAAZ,2022,Addisu Gebeya,,Mini_OLT-Addisu_Gebeya.HW.Addisu_Gebeya.WAAZ.AA,9.050581,38.73477
WAAZ,2061,Kolfe,,Mini-OLT-Dejazmach_Geneme_School.ZTE.C650.WAAZ.AA,9.036987,38.73127
WAAZ,2065,Asko,,MINI-OLT-Asko_Exchange.ZTE.C650.Asko.WAAZ.AA,9.064424,38.69831
WAAZ,2066,burayu,,OLT-113260.ZTE.Mini_OLT_Welega_Sefer_C650.WAAZ.Burayu,9.06660017,38.67960
WAAZ,2066,Burayu,,113263.ZTE.Mini_OLT_burayu_medanialem.WAAZ,9.076884,38.67949
WAAZ,2066,Burayu,,MSAN-Burayu.ZTE.Dire_Condominum.WAAZ.AA,9.0721267,38.64680
NAAZ-2,2048,Kazanchis,,MSAN-0722.ZTE.Infront_Menaharia_Hotel.Kazanchis.NAAZ-2.AA,9.099,38.768
NAAZ,2045,SheroMada,,MSAG-446.ZTE.INSIDE_ETOTO_MARIAM_PAY_STATION.NAAZ.AA,9.091,38.764
NAAZ,2045,SheroMada,,OLT.HW.Mini_OLT_Entoto.NAAZ.AA,9.088,38.763
NAAZ,2045,SheroMada,,MSAG-0526_DG.ZTE.Behind_Entoto_Amba_School_Shro_Meda.NAAZ.AA,9.088,38.763
WAAZ,2066,Burayu,,OLT-113201.HW.Mini_OLT_Burayu_Keta_Medhaniyalem.WAAZ.AA,9.084,38.653
EAAZ,5962,Legetafo,,MSAN-1639_BB.ZTE.Lege_Tafo_Health_Station.Lege_Tafo.EAAZ.AA,9.080613,38.9056372
EAAZ,5962,Legetafo,,MSAN-1640_DG.ZTE.Legetafo_CCD_Compound.Lege_Tafo.EAAZ.AA,9.0789603,38.8894679
WAAZ,5969,Ashewa Meda,,Mini-OLT-Burayu.ZTE.C650.Burayu.WAAZ.AA,9.077689441,38.67554109
WAAZ,2066,Burayu,,MSAG-2416_DG.ZTE.Burayu_Tele_Burayu.WAAZ.AA,9.07730804,38.6758415
WAAZ,2066,Burayu,,OLT-117104.HW.Mini_OLT_Burayu_Anie_Dima.WAAZ.AA,9.077,38.655
WAAZ,2065,Asko,,111244-Mini-OLT-Ethio_Shekilla_Factory.ZTE.C620.WAAZ.AA,9.077,38.686
WAAZ,2066,Burayu,,MSAG-2402_DG.ZTE.Infront_Burayu_Tele_Burayu.WAAZ.AA,9.077,38.672
WAAZ,2066,Burayu,,MSAG-2403_DG.ZTE.Burayu_Kegna_Sefer_Burayu.WAAZ.AA,9.076,38.675
WAAZ,2066,Burayu,,MSAG-2414_BB.ZTE.Infront_SHEKILA_Factory_Burayu.WAAZ.AA,9.075640965,38.68578484
WAAZ,2066,Burayu,,MSAG-2413.ZTE.150m_From_SHEKILA_Factory_Burayu.WAAZ.AA,9.075,38.683
WAAZ,2066,Burayu,,117001-Mini-OLT-Burayu_Muluwongel.ZTE.C620.WAAZ.AA,9.074,38.677
WAAZ,2066,Burayu,,MSAG-2419.ZTE..BURAYU.WAAZ.AA,9.074,38.66
WAAZ,5969,Ashewa Meda,,MSAN-0001.ZTE.Burayu.WAAZ.AA,9.074,38.68
WAAZ,5969,Ashewa Meda,,MSAN-0002.ZTE.Burayu.WAAZ.AA,9.074,38.66
WAAZ,2066,Burayu,,MSAG-2407_BB.ZTE.Sarem_Food_Factory_Burayu.WAAZ.AA,9.073,38.669
WAAZ,2066,Burayu,,MSAG-2415_DGC.ZTE.Keta_02_kebele_Burayu.WAAZ.AA,9.072985181,38.67835204
EAAZ,5962,Legetafo,,MSAN-1634_DGC.ZTE.140_Mission.Legetafo.EAAZ.AA,9.0728,38.8985569
WAAZ,2066,Burayu,,MSAG-2418_DG.ZTE.burayu_condominium.WAAZ.AA,9.072734945,38.65795571
NAAZ,2045,SheroMada,,MSAG-0539_DGC.ZTE.Wereda_1_Helth_Center_Shero_Meda.NAAZ,9.072,38.760
NAAZ,2045,SheroMada,,OLT-111762.HW.Mini_OLT_Shiromeda_Tabotmaderia.NAAZ.AA,9.072,38.764
NAAZ,2045,SheroMada,,111762-OLT.Mini_OLT-Shiro_Meda-2.HW.Tabot_Maderia.NAAZ.AA,9.07192,38.76418
WAAZ,2022,Addisu Gebeya,,OLT-111079.HW.MA5800X2_Addisu_Gebeya_Delber_OLT.WAAZ.AA,9.071,38.738
WAAZ,2066,Burayu,,MSAG-2401_DGC.ZTE.Keta_Left_Of_Main_Road_Burayu.WAAZ.AA,9.071,38.682
WAAZ,2066,Burayu,,MSAG-2404_DGC.ZTE.Keta_Near_Awash_Bank_Burayu.WAAZ.AA,9.071,38.68
WAAZ,2022,Addisu Gebeya,,MSAG-1313_DG.ZTE.Infront_Beg_Tera_Adisu_Gebeya.WAAZ.AA,9.070763439,38.7285375
WAAZ,2066,Burayu,,MSAG-2405.ZTE.Keta_Mazorya_Burayu.WAAZ.AA,9.07,38.681
EAAZ,5940,Ayat,,MINI-OLT-1641.HW.Yeka_Abado.EAAZ.AA,9.06988,38.87317
NAAZ,2045,SheroMada,,OLT-0302059.HW.Mini_OLTshiromeda_nebarusilssie_.NAAZ.AA,9.070,38.759
WAAZ,2065,Asko,,OLT-111865.HW.Atari_Sefer_Mini_OLT.WAAZ.AA,9.069,38.73
WAAZ,2066,Burayu,,MSAG-2408.ZTE.Left_Fiqiru_BLDG_Burayu.WAAZ.AA,9.069,38.665
WAAZ,2066,Burayu,,MSAN-2408.ZTE.Left_Fiqiru_BLDG_Burayu.WAAZ.AA,9.069,38.665
WAAZ,2066,Burayu,,MSAG-2409_DGC.ZTE.Infront_Fiqiru_BLDG_Burayu.WAAZ.AA,9.069,38.665
NAAZ,2021,Frensay,,111599-Mini_OLT-41_Eyesus_Condom.NAAZ.AA,9.068,38.770
WAAZ,2066,Burayu,,0605034.HW.OLT-Burayu-KetaMA5800-X7-HW-WAAZ-AA,9.068,38.684
WAAZ,2022,Addisu Gebeya,,MSAG-1304_DG.ZTE.Near_Oil_Libya_Adisu_Gebeya.WAAZ.AA,9.068,38.735
WAAZ,2066,burayu,,MSAN-402_BB.ZTE.Inside_Arada_BLDG_Piasa.WAAZ.AA,9.068,38.751
WAAZ,2022,Addisu Gebeya,,MSAN-498_BB.ZTE.Meketya_Sefer_Kebena.WAAZ.AA,9.068,38.751
WAAZ,2019,Arada,,MSAN-400_BB.ZTE.Insaid_Federal_Investigation_Giorgis.WAAZ.AA,9.068,38.751
WAAZ,2066,burayu,,MSAN-404_BB.ZTE.Inside_Audit_Office_BLDG_Piasa.WAAZ.AA,9.068,38.751
WAAZ,2066,burayu,,MSAN-408_BB.ZTE.Inside_Bancodi_Roma_BLDG_Piasa.WAAZ.AA,9.068,38.751
WAAZ,2066,Burayu,,MSAG-2406_BB.ZTE.Keta_Welega_Sefer_Burayu.WAAZ.AA,9.067,38.681
WAAZ,2066,Burayu,,MSAG-2410_DGC.ZTE.Infront_Burayu_Municipal_Burayu.WAAZ.AA,9.067,38.665
NAAZ,2021,Frensay,,MSAG-0535_DG.ZTE.Infront_Eyesus_Condominium_Ferensay.NAAZ.AA,9.067,38.771
NAAZ,2045,SheroMada,,111667-Shiro-Meda-Mini-olt-Tec-Voc-Huawei-NAAZ-A.A,9.06659,38.76342
NAAZ,2021,Frensay,,MSAG-1408_DG.ZTE.Infront_Eyesus_Church_Ferensay.NAAZ.AA,9.066,38.772
WAAZ,2065,Asko,,MSAG-2105_DGC.ZTE.Near_Asko_Bus_Station_Asko.WAAZ.AA,9.066,38.694
WAAZ,2065,Asko,,MSAN--2105_DGC.ZTE.Near_Asko_Bus_Station_Asko.WAAZ.AA,9.066,38.694
WAAZ,2022,Addisu Gebeya,,MSAG-1305_BB.ZTE.Infront_Oil_Libya_Adisu_Gebeya.WAAZ.AA,9.066,38.733
WAAZ,2066,Burayu,,MSAG-2411_DGC.ZTE.Near_Urga_BLDG_Burayu.WAAZ.AA,9.066,38.664
WAAZ,2063,Shegole,,MSAG-1509_DG.ZTE.Anbesa_Garage_Shegole.WAAZ.AA,9.066,38.721
WAAZ,2065,Asko,,OLT-Asko.ZTE...C300v2.Asko.WAAZ.AA,9.066,38.698
EAAZ,5940,Ayat,,112037-MINI-OLT.Yeka_Abado.HW.Right_Side_Around_G7.EAAZ.AA,9.06595898,38.87074914
NAAZ,2045,SheroMada,,MSAG-0527_DG.ZTE.Infront_Wereda_1_Market_Shero_Meda.NAAZ.AA,9.065,38.761
NAAZ,2045,SheroMada,,MSAG-0554_DG.ZTE.Right_Wereda_1_Market_Shero_Meda.NAAZ.AA,9.065,38.761
NAAZ,2045,SheroMada,,MSAG-0546_DGC.ZTE.Eyesus_Behind_Cure_Hosptl_Ferensay.NAAZ.AA,9.065,38.763
NAAZ,2045,SheroMada,,Mini-OLT-Shiro_Meda.ZTE.C620.Shiro_Meda_Gebeya.NAAZ.AA,9.065,38.759
WAAZ,2065,Asko,,MSAG-2119.ZTE.ASKO2119N.WAAZ2119N_ASKO.WAAZ.AA,9.065111846,38.71464727
WAAZ,2065,Asko,,MSAG-2104_DG.ZTE.Tikur_Abay_Shoe_Factory_Asko.WAAZ.AA,9.065,38.694
WAAZ,2065,Asko,,MSAN-2104_DG.ZTE.Tikur_Abay_Shoe_Factory_Asko.WAAZ.AA,9.065,38.694
WAAZ,2066,Burayu,,MSAG-2106_BB.ZTE.Near_Hermolan_KG_School_Asko.WAAZ.AA,9.065,38.69
WAAZ,2022,Addisu Gebeya,,MSAG-0497_DG.ZTE.Number_8_Bus_station_Kechene.WAAZ.AA,9.065,38.749
NAAZ,2021,Frensay,,112143-OLT-BB.HW. Franasy-MSAN-kidanemihret. NAAZ.AA,9.065,38.790
EAAZ,5962,Legetafo,,112250-MINI-OLT-CCD_Gari_Tera.HW.MA5800X2.Legetafo.EAAZ.AA,9.064808,38.887383
EAAZ,5940,Ayat,,MINI-OLT-1642.HW.Yeka_Abado.EAAZ.AA,9.064792,38.86898
EAAZ,5940,Ayat,,113157-MINI-OLT-Yeka_Abado.HW.MA5800_X7.EAAZ.AA,9.06463,38.87683
NAAZ,2021,Frensay,,113066-Mini-OLT.HW.41-Eyesu-Micheal-Church.NAAZ,9.06452,38.76922
WAAZ,2065,Asko,,MSAG-2101_DG.ZTE.Asko_Police_Station_Asko.WAAZ.AA,9.064,38.699
WAAZ,2063,Shegole,,MSAG-1501_DG.ZTE.Chefe_Sefer_Shegole.WAAZ.AA,9.064,38.718
NAAZ,2021,Frensay,,OLT-111067.HW.Mini_OLT_41Eyesus_Abysinya.NAAZ.AA,9.063,38.777
EAAZ,5962,Legetafo,,MSAG-1635_DG.ZTE.Lege_Tafo_Abune_Kiros_Church.Legetafo.EAAZ.AA,9.063114822,38.88246855
WAAZ,2022,Addisu Gebeya,,MSAG-1308_DG.ZTE.Near_Markos_Store_Adisu_Gebeya.WAAZ.AA,9.063,38.743
WAAZ,2022,Addisu Gebeya,,MSAN-1308_DG.ZTE.Near_Markos_Store_Adisu_Gebeya.WAAZ.AA,9.063,38.743
WAAZ,2063,Shegole,,Mini-OLT-Shegole.ZTE.C650.Shegole.WAAZ.AA,9.063,38.719
WAAZ,2022,Addisu Gebeya,,MSAG-1302.ZTE.Infront_Tsion_Caffe_Adisu_Gebeya.WAAZ.AA,9.063,38.734
WAAZ,2063,Shegole,,MSAG-1502_DG.ZTE.Left_of_Shegole_Tele_Shegole.WAAZ.AA,9.063,38.72
WAAZ,186,Addis Ketema,,OLT-Addis_Ketema.ZTE.C300v2.Inside_A/Ketema_Tel_BLDG.WAAZ.AA,9.063,38.719
NAAZ,2021,Frensay,,MSAG-1410_DG.ZTE.Gurara_Near_Taxi_Station_Ferensay.NAAZ.AA,9.063,38.789
EAAZ,5962,Legetafo,,113143-MINI-OLT-Tafo_Kebele_01.ZTE.C650.Legetafo.EAAZ.AA,9.06277,38.8885
NAAZ,2021,Frensay,,MSAG-1414_DG.ZTE.Infront_Kdane_Mehret_Church_Fernsay.NAAZ.AA,9.062,38.789
WAAZ,2063,Shegole,,OLT-111078.HW.Shgole_Kalamba_School-Mini-OLT-WAAZ,9.062,38.727
WAAZ,2066,Burayu,,MSAG-2412_BB.ZTE.Micael_Sefer_Burayu.WAAZ.AA,9.062,38.684
WAAZ,2022,Addisu Gebeya,,Mini-OLT-Addisu_Gebeya_02.ZTE.C620.WAAZ.AA,9.062,38.734
WAAZ,2022,Addisu Gebeya,,MSAG-1303.ZTE.Behind_Shemachoche_Unioin_Adisu_Gebeya.WAAZ.AA,9.062,38.732
WAAZ,2063,Shegole,,MSAG-1505_DG.ZTE.Infront_of_Shegole_Tele_Shegole.WAAZ.AA,9.062,38.719
NAAZ,2021,Frensay,,MSAG-0534_DG.ZTE.Yesus_Tegl_Lentsant_School_Ferensay.NAAZ.AA,9.061,38.769
EAAZ,5962,Legetafo,,MSAN-1636_DG.ZTE.Right_Abune_Kiros_Church.Legetafo.EAAZ.AA,9.06147,38.88173
NAAZ,2021,Frensay,,MSAG-1405_DG.ZTE.Near_Yeha_School_Ferensay.NAAZ.AA,9.061,38.786
NAAZ,2021,Frensay,,MSAG-1403_DG.ZTE.Kebele_01_02_Helth_Center_Ferensay.NAAZ.AA,9.061,38.773
NAAZ,2021,Frensay,,MSAN-1403_DG.ZTE.Kebele_01_02_Helth_Center_Ferensay.NAAZ.AA,9.061,38.773
WAAZ,2063,Shegole,,MSAG-1503_DG.ZTE.Rufael_Mosque_Rufael.WAAZ.AA,9.061,38.724
WAAZ,2022,Addisu Gebeya,,MSAG-1301_DG.ZTE.Infront_Liyou_Hotel_Adisu_Gebeya.WAAZ.AA,9.061,38.737
WAAZ,2022,Addisu Gebeya,,MSAN-1301_DG.ZTE.Infront_Liyou_Hotel_Adisu_Gebeya.WAAZ.AA,9.061,38.737
WAAZ,2022,Addisu Gebeya,,MSAG-1311_DG.ZTE.Near_Tsion_Caffe_Adisu_Gebeya.WAAZ.AA,9.061,38.733
WAAZ,2065,Asko,,MSAG-2102_DG.ZTE.Near_Asko_Chereta_Asko.WAAZ.AA,9.061,38.701
WAAZ,2019,Piassa,,MSAG-4106_DG.ZTE.Infront_Ethio_Ceramic_Store_Kechene.WAAZ.AA,9.061,38.75
NAAZ,2045,SheroMada,,OLT-111059.HW.Mini_OLT_Shiromeda_Spain_Embassy.NAAZ.AA,9.061,38.761
NAAZ,2021,Frensay,,MSAG-1411_DG.ZTE.Infront_Highr_12_TVT_School_Fernsay.NAAZ.AA,9.060,38.781
WAAZ,2066,Burayu,,MSAG-2420.ZTE..BURAYU.WAAZ.AA,9.06,38.671
WAAZ,2022,Addisu Gebeya,,MSAG-1306_BB.ZTE.Near_EEPCO_Adisu_Gebeya.WAAZ.AA,9.06,38.733
WAAZ,2066,Burayu,,OLT-Burayu.ZTE.C300v2.Buray.WAAZ.AA,9.06,38.671
NAAZ,2021,Frensay,,111654-Mini_OLT-Ferensay_Wereda_01_Condominum.HW.NAAZ.AA,9.060,38.774
NAAZ,2021,Frensay,,OLT-111763.HW.Mini_OLT_Ferensay_Buno_Wuha.NAAZ.AA,9.059,38.780
WAAZ,2065,Asko,,MSAG-2108_DG.ZTE.Asko_Addis_Sefer_Asko.WAAZ.AA,9.059,38.691
WAAZ,2065,Asko,,MSAN-2108_DG.ZTE.Asko_Addis_Sefer_Asko.WAAZ.AA,9.059,38.691
WAAZ,2065,Asko,,MSAG-2103_BB.ZTE.Bercheko_Condominium_Gate_Asko.WAAZ.AA,9.059,38.703
WAAZ,2065,Asko,,MSAN-2103_BB.ZTE.Bercheko_Condominium_Gate_Asko.WAAZ.AA,9.059,38.703
WAAZ,2022,Addisu Gebeya,,MSAG-1310_DG.ZTE.Infront_Tele_Adisu_Gebeya.WAAZ.AA,9.059,38.734
WAAZ,2065,Asko,,MSAG-2107_DG.ZTE.Back_of_Addis_Sefer_Condomini_Asko.WAAZ.AA,9.059,38.691
NAAZ,2021,Frensay,,MSAG-1409_DGC.ZTE.Infront_Markos_School_Ferensay.NAAZ.AA,9.059,38.777
NAAZ,2021,Frensay,,111207-OLT-ZTE-C620-Ferensay-Embassy-NAAZ-AA,9.059,38.770
NAAZ,2045,SheroMada,,0302069-OLT-Shiro-Meda-Eyayu-Gedel-NAAZ-A.A-111843,9.058,38.757166
NAAZ,2021,Frensay,,MSAG-0533_DG.ZTE.Behind_Bloket_Gebeya_Ferensay.NAAZ.AA,9.058,38.773
NAAZ,2021,Frensay,,MSAN-0533_DG.ZTE.Behind_Bloket_Gebeya_Ferensay.NAAZ.AA,9.058,38.773
EAAZ,5962,ayat,,MSAG-1638_DG.ZTE.Day_Light_Engnering_Factory.Legetafo.EAAZ.AA,9.05802579,38.874585
EAAZ,5962,Ayat,,MSAN-1638_DG.ZTE.Arround_Sara_Ampol.Legetafo.EAAZ.AA,9.05802579,38.874585
WAAZ,2065,Asko,,MSAG-2109_DG.ZTE.Asko_Lisey_Sefer_Condominum_Asko.WAAZ.AA,9.058,38.693
WAAZ,2065,Asko,,MSAN-2109_DG.ZTE.Asko_Lisey_Sefer_Condominum_Asko.WAAZ.AA,9.058,38.693
WAAZ,2022,Addisu Gebeya,,MSAG-1309_DG.ZTE.On_The_Get_Tele_Adisu_Gebeya.WAAZ.AA,9.058,38.734
WAAZ,2065,Asko,,MSAG-2110_BB.ZTE.Gulele_Fana_School_Asko.WAAZ.AA,9.058,38.707
WAAZ,2065,Asko,,MSAG-2111_DG.ZTE.KOJJ_Factory_Asko.WAAZ.AA,9.058,38.706
WAAZ,2063,Shegole,,MSAG-1504_DG.ZTE.St_Rufael_Church_Rufael.WAAZ.AA,9.058,38.727
WAAZ,2022,Addisu Gebeya,,MSAN-499F1_BB.ZTE.Around_Lazarist_School_Semen_Mazgaja.WAAZ.AA,9.058,38.744
WAAZ,2022,Addisu Gebeya,,MSAN-499F2_BB.ZTE.Around_Lazarist_School_Semen_Mazgaja.WAAZ.AA,9.058,38.744
NAAZ,2045,SheroMada,,MSAG-0560_DGC.ZTE.Inside_USA_Embassy_Shero_Meda.NAAZ.AA,9.058,38.764
WAAZ,2065,Asko,,MSAG-2115_DG.ZTE.Bercheko_Condominium_B050_Asko.WAAZ.AA,9.057553922,38.70344416
NAAZ,2021,Frensay,,MSAG-1401_DG.ZTE.Near_Higher_12_TVT_School_Ferensay.NAAZ.AA,9.057,38.778
NAAZ,2021,Frensay,,MSAG-1404_DG.ZTE.Infront_CBE_Fernsay_Branch_Ferensay.NAAZ.AA,9.057,38.777
WAAZ,2022,Addisu Gebeya,,MSAG-1307.ZTE.Near_Kebele_03_Culb_Adisu_Gebeya.WAAZ.AA,9.057,38.735
WAAZ,2063,Shegole,,MSAG-1507_DG.ZTE.Peace_BLDG_Shegole.WAAZ.AA,9.057,38.722
WAAZ,2022,Addisu Gebeya,,MSAG-0458_DG.ZTE.Near_Delber_School_Adisu_Gebeya.WAAZ.AA,9.056,38.741
WAAZ,2022,Addisu Gebeya,,MSAN-0458.ZTE.Adisu_Gebeya.WAAZ.AA,9.056,38.741
WAAZ,2022,Addisu Gebeya,,MSAG-0455_DG.ZTE.Near_Sheger_Menafesha_Adisu_Gebeya.WAAZ.AA,9.056,38.741
WAAZ,2019,Arada,,MSAN-441F1_BB.ZTE.Infront_Medhanalem_Church_Kechene.WAAZ.AA,9.056,38.752
WAAZ,2019,Piassa,,MSAN-441F2_BB.ZTE.Infront_Medhanalem_Church_Kechene.WAAZ.AA,9.056,38.752
NAAZ,2021,Frensay,,MSAG-1402_BB.ZTE.Near_Chefe_Meda_Ferensay.NAAZ.AA,9.056,38.774
NAAZ,2021,Frensay,,MSAG-1413_DG.ZTE.Inside_Tele_Shop_Ferensay.NAAZ.AA,9.056,38.774
WAAZ,2022,Addisu Gebeya,,MSAN-437F1_BB.ZTE.Near_Amigonia_school_Semen_Mazgaja.WAAZ.AA,9.055,38.744
NAAZ,2021,Frensay,,MSAG-1412_BB.ZTE.Near_Markos_School_Ferensay.NAAZ.AA,9.055,38.779
WAAZ,2065,Asko,,MSAG-2117_DG.ZTE.Bercheko_Condominium_B024_Asko.WAAZ.AA,9.054796197,38.70508073
NAAZ,2021,Frensay,,MSAN-1413_DG.ZTE.Inside_Tele_Shop_Ferensay.NAAZ.AA,9.055,38.779
NAAZ,180,Sidistkillo,,DSLAM-Birhanina_Selam_Matemiya_9806H.ZTE.NAAZ.AA,9.054,38.786
NAAZ,2021,Frensay,,MSAG-1406_DG.ZTE.Gurara_Near_Youth_Center_Ferensay.NAAZ,9.054,38.783
NAAZ,2045,SheroMada,,MSAG-0553.ZTE.Near_Tsehay_Chora_School_Shero_Meda.NAAZ.AA,9.054,38.759
WAAZ,2063,Shegole,,MSAG-1506_DG.ZTE.Near_Kebele_03_Club_Rufael.WAAZ.AA,9.054,38.725
WAAZ,2063,Shegole,,MSAN-1506_DG.ZTE.Near_Kebele_03_Club_Rufael.WAAZ.AA,9.054,38.725
WAAZ,2022,Addisu Gebeya,,MSAG-4104_DG.ZTE.The_Way_Kechen_Church_Semen_Mazgaja.WAAZ.AA,9.054,38.745
WAAZ,2022,Addisu Gebeya,,MSAN-4104_DG.ZTE.The_Way_Kechen_Church_Semen_Mazgaja.WAAZ.AA,9.054,38.745
WAAZ,2065,Asko,,MSAG-2116_DG.ZTE.Bercheko_Condominium_B037_Asko.WAAZ.AA,9.054,38.701
NAAZ,2021,Frensay,,MSAG-0532_DG.ZTE.Near_Asefa_Megazen_Ferensay.NAAZ.AA,9.054,38.772
NAAZ,2045,SheroMada,,MSAN-0540.ZTE.Infront_Tsehay_Chora_School_Menen.NAAZ.AA,9.053,38.759
WAAZ,2019,Arada,,MSAG-4105_DG.ZTE.Zebegna_Sefer_Chelot.WAAZ.AA,9.053,38.75
WAAZ,2065,Asko,,MSAG-2113_DG.ZTE.Bercheko_Condominium_B115_Asko.WAAZ.AA,9.053,38.699
WAAZ,2022,Addisu Gebeya,,MSAG-0440_DGC.ZTE.The_Squre_To_North_Semen_Mazgaja.WAAZ.AA,9.053,38.743
WAAZ,2022,Addisu Gebeya,,MSAN-0440_DGC.ZTE.The_Squre_To_North_Semen_Mazgaja.WAAZ.AA,9.053,38.743
WAAZ,2063,Shegole,,MSAG-0632_DG.ZTE.Finance_Police_Medanialem.WAAZ.AA,9.053,38.72
WAAZ,2065,Asko,,MSAG-2112_DG.ZTE.Bercheko_Condominium_B016_Asko.WAAZ.AA,9.053,38.699
WAAZ,2066,Burayu,,NOKIA_OLT_KETA,9.053,38.746
NAAZ,2045,SheroMada,,MSAG-0545_DG.ZTE.Werda_1_Youth_Sport_Cntr_Shero_Meda.NAAZ.AA,9.052,38.759
NAAZ,2045,SheroMada,,MSAN-0545_DG.ZTE.Wereda1_YouthSport_Center_ShiroMeda.NAAZ.AA,9.052,38.759
NAAZ,2021,Frensay,,OLT-111678.HW.Mini_OLT_Asefa_Megazen_ferensay_MA5800-X7.NAAZ.AA,9.052,38.772
WAAZ,2061,Kolfe,,MSAG-1212.ZTE.Tero_Road_Kolfe.WAAZ.AA,9.052,38.709
WAAZ,2019,Arada,,MSAN-443_BB.ZTE.Near_Tibeb_Ledgt_School_Semen_Mazgaja.WAAZ.AA,9.052,38.745
NAAZ,2021,Frensay,,MSAG-1407_DG.ZTE.Infront_Abo_Church_Ferensay.NAAZ.AA,9.052,38.780
NAAZ,2045,SheroMada,,MSAG-0540.ZTE.Infront_Tsehay_Chora_School_Menen.NAAZ.AA,9.052,38.759
NAAZ,2045,SheroMada,,MSAG-0521_DGC.ZTE.Near_Medhanyalem_Church_Menen.NAAZ.AA,9.051,38.762
NAAZ,2021,Frensay,,MSAG-0531_DG.ZTE.Infront_Mosque_Ferensay.NAAZ.AA,9.051,38.771
NAAZ,2021,Frensay,,MSAN-0531_DG.ZTE.Infront_Mosque_Ferensay.NAAZ.AA,9.051,38.771
WAAZ,2061,Kolfe,,MSAG-1205_DGC.ZTE.Tero_Near_Genet_Church_Kolfe.WAAZ.AA,9.051,38.71
NAAZ,2021,Frensay,,MSAG-0555_DG.ZTE.Under_French_Embassy_Brdge_Ferensay.NAAZ.AA,9.050,38.771
NAAZ,180,Sidistkillo,,111148_DSLAM-Deber_Building_9806H.ZTE.Sidist_Kilo.NAAZ.AA,9.050,38.758
NAAZ,2045,SheroMada,,OLT-111036.HW.Mini_OLT-Menen-School.NAAZ.AA,9.050,38.758
NAAZ,2045,SheroMada,,OLT-111204.HW.Mini-OLT_6-Kilo_TVET_College.NAAZ.AA,9.050,38.764
WAAZ,2019,Arada,,MSAN-0432_DGC.ZTE.Near_NIGERYA_EMBASSY.WAAZ.AA,9.05,38.753
WAAZ,2063,Shegole,,MSAG-0435_DGC.ZTE.Near_Sarem_Hotel_Adisu_Gebeya.WAAZ.AA,9.05,38.744
WAAZ,2063,Shegole,,MSAG-0630_DG.ZTE.To_Abebe_Bikila_Stadium_Medanialem.WAAZ.AA,9.049,38.724
WAAZ,2063,Shegole,,MSAN-0630_DG.ZTE.To_Abebe_Bikila_Stadium_Medanialem.WAAZ.AA,9.049,38.724
WAAZ,2063,Shegole,,MSAG-0442_BB.ZTE.Near_Police_Club_Ras_Desta.WAAZ.AA,9.049,38.741
WAAZ,2063,Shegole,,MSAN-0442_BB.ZTE.Near_Police_Club_Ras_Desta.WAAZ.AA,9.049,38.741
WAAZ,2019,Arada,,MSAG-0467_DGC.ZTE.Infront_Kelmework_School_Adisu_Geb.WAAZ.AA,9.049,38.746
WAAZ,2063,Shegole,,MSAG-4107_DG.ZTE.Near_kelemework_school_Adisu_Gebeya.WAAZ.AA,9.049,38.746
WAAZ,2066,burayu,,MSAN-430_BB.ZTE.Shola_Near_To_BTS_Semen_Mazgaja.WAAZ.AA,9.049,38.741
WAAZ,2066,burayu,,MSAN-434_BB.ZTE.Inside_News_Agency_BLDG_Semen_Mazgaja.WAAZ.AA,9.049,38.746
NAAZ,2045,SheroMada,,MSAN-0520_DG.ZTE.Near_Werda_11_Police_Station_Menen.NAAZ.AA,9.049,38.761
NAAZ,2045,SheroMada,,MSAG-0541_DG.ZTE.Behind_6kilo_University_Afincho_Ber.NAAZ.AA,9.048,38.757
WAAZ,186,Addis Ketema,,111642-Mini-OLT-Woreda _05_Shemachoch.HW.WAAZ.AA,9.048,38.724
WAAZ,2063,Shegole,,MSAN-0621_DGC.ZTE.St_Pawulos_Hospital_Paster.WAAZ.AA,9.048,38.729
WAAZ,2061,Kolfe,,MSAG-1208.ZTE.kolefe_House_Holding_Furniture_Kolfe.WAAZ.AA,9.048,38.713
WAAZ,2061,Kolfe,,MSAN-1208.ZTE.kolefe_House_Holding_Furniture_Kolfe.WAAZ.AA,9.048,38.713
WAAZ,2061,Kolfe,,MSAG-1204.ZTE.Tero_Near_Silase_Church_Kolfe.WAAZ.AA,9.048,38.709
NAAZ,2045,SheroMada,,MSAG-0528_DGC.ZTE.Near_Egypt_Embassy_Sidist_Kilo.NAAZ.AA,9.047,38.766
WAAZ,2063,Shegole,,MSAN-0634_BB.ZTE.Near_To_Paster_Institute_Paster.WAAZ.AA,9.0471797,38.73108916
NAAZ,2045,SheroMada,,MSAG-0558_DG.ZTE.Inside_6_kilo_Unversity_Sidist_Kilo.NAAZ.AA,9.047,38.760
NAAZ,2021,Frensay,,MSAG-0530_BB.ZTE.Near_korea_Sefer_Sidist_Kilo.NAAZ.AA,9.047,38.770
NAAZ,2021,Frensay,,MSAN-0530_BB.ZTE.Near_korea_Sefer_Sidist_Kilo.NAAZ.AA,9.047,38.770
WAAZ,5939,Atkilt Tera,,MSAG-0419_BB.ZTE.Near_Eyerusalem_Hotel_Ras_Desta.WAAZ.AA,9.047,38.742
WAAZ,5939,Atkilt Tera,,MSAN-0419_BB.ZTE.Near_Eyerusalem_Hotel_Ras_Desta.WAAZ.AA,9.047,38.742
WAAZ,2063,Shegole,,MSAG-0624_DGC.ZTE.Near_NOC_Station_Enkulal_Fabrica.WAAZ.AA,9.047,38.736
WAAZ,2061,Kolfe,,MSAG-1202_DG.ZTE.Filipos_Musilm_Tomb_Kolfe.WAAZ.AA,9.047,38.701
WAAZ,2063,Shegole,,MSAN-0613_BB.ZTE.Inside_Paster_Institute_Paster.WAAZ.AA,9.047,38.727
NAAZ,2045,SheroMada,,MSAG-0529_DGC.ZTE.Near_Defence_College_Sidist_Kilo.NAAZ.AA,9.047,38.769
EAAZ,5940,Ayat,,MSAN-2532.HW.Yeka_Ayat_02.EAAZ.AA,9.04641,38.8744
EAAZ,5940,Ayat,,OLT-111806.HW.Mini_OLT.EAAZ.AA,9.04641,38.8744
NAAZ,2021,Frensay,,MSAG-0551_DG.ZTE.Infront_Italy_Embassy_Bela.NAAZ.AA,9.046,38.784
WAAZ,2061,Kolfe,,MSAG-1203_DG.ZTE.Filpos_Mesjid_Area_Kolfe.WAAZ.AA,9.046,38.707
WAAZ,2019,Arada,,MSAN-496_BB.ZTE.Koria_Park_Nigeria_Embassy_Afincho_Ber.WAAZ.AA,9.046,38.751
NAAZ,2045,SheroMada,,MSAN-0528_DGC.ZTE.Near_Egypt_Embassy_Sidist_Kilo.NAAZ.AA,9.046,38.756
NAAZ,2045,SheroMada,,MSAG-0520_DG.ZTE.Near_Werda_11_Police_Station_Menen.NAAZ.AA,9.046,38.756
NAAZ,2045,SheroMada,,MSAN-0519_DGC.ZTE.Near_Oromia_Procurement_Sdist_Kilo.NAAZ.AA,9.046,38.756
WAAZ,2019,Arada,,MSAN-436_BB.ZTE.Zebegna_Sefer_Semen_Hotel.WAAZ.AA,9.045855136,38.74990585
NAAZ,2091,Koteba,,MSAG-0343_DG.ZTE.Ankorcha_Near_Wereda_10_Kotebe.NAAZ.AA,9.046,38.818
NAAZ,2091,Koteba,,MSAG-0344_DG.ZTE.Next_To_Ankorcha_Wereda_10_Kotebe.NAAZ.AA,9.046,38.818
NAAZ,2045,SheroMada,,MSAG-0536_BB.ZTE.Near_Rift_Valley_Unvrsty_Sidst_Kilo.NAAZ.AA,9.045,38.766
NAAZ,2045,SheroMada,,MSAN-0536_BB.ZTE.Near_RiftValley_Universty_SdistKilo.NAAZ.AA,9.045,38.766
WAAZ,186,Addis Ketema,,MSAG-0686_DG.ZTE.Paster_Institut_Square_Paster.WAAZ.AA,9.045,38.733
WAAZ,2061,Kolfe,,MSAG-1229_DG.ZTE.Lomi_Meda_Kolfe.WAAZ.AA,9.04480522,38.69905621
EAAZ,6044,BoleArabsa,,111407-Mini-OLT.HW.Ayat-Tsebel.EAAZ.AA,9.044777,38.880644
EAAZ,5940,Ayat,,OLT-112246.HW.Mini_OLT_EAAZ.AA,9.044777,38.880644
NAAZ,180,Sidistkillo,,111278-MDU-Afenchober-ZTE.NAAZ.AA,9.04470,38.75652
NAAZ,2021,Frensay,,MSAG-0516_DG.ZTE.Taxi_Station_Near_BTS_Bela.NAAZ.AA,9.045,38.779
WAAZ,5969,Ashewa Meda,,MSAG-1209.ZTE.kolfe_Cilinc_Kolfe.WAAZ.AA,9.044,38.711
WAAZ,5969,Ashewa Meda,,MSAN-1209.ZTE.Kolfe_Cilinc_Kolfe.WAAZ.AA,9.044,38.711
NAAZ,180,Sidistkillo,,0302065-OLT-inside 6kilouniversity-MA5800-X2-Huawei-NAAZ-AA,9.044,38.75884
NAAZ,180,Sidistkillo,,MSAN-449_BB.ZTE.Inside_Arada_SubCity_Blg.NAAZ.AA,9.044,38.761
NAAZ,2021,Frensay,,MSAG-0517_BB.ZTE.Near_Defence_Hospital_Bela.NAAZ.AA,9.043,38.780
NAAZ,2021,Frensay,,OLT-111031.HW.Mini_OLT_Bella_Ethiopian_kor-Vet.NAAZ.AA,9.04333,38.77924
NAAZ,2091,Koteba,,MDU-113605-Eka-Kotebe-Hospital,9.04317,38.84908
WAAZ,186,Addis Ketema,,OLT-111080.HW.Mini_OLT_Beside_St.Michael_church.WAAZ.AA,9.043,38.735
WAAZ,2063,Shegole,,OLT-111032.HW.Mini_OLT_Enkulal_Fabrica.WAAZ.AA,9.043,38.735
WAAZ,2063,Shegole,,MSAG-0649_DG.ZTE.Mekane_Jesus_Church_Scho_kuwas_Meda.WAAZ.AA,9.043,38.73
WAAZ,2063,Shegole,,MSAN-0649_DG.ZTE.Mkane_JesusChurch_School_kuwas_Meda.WAAZ.AA,9.043,38.73
WAAZ,2063,Shegole,,MSAG-0664_DG.ZTE.kefitegna_7_Technical_School_Taywan.WAAZ.AA,9.043,38.721
WAAZ,2019,Piassa,,MSAG-0480_DG.ZTE.Near_Yohans_Church_Yohans.WAAZ.AA,9.043,38.746
WAAZ,2019,Arada,,MSAN-414_BB.ZTE.Infront_Church_Yohans.WAAZ.AA,9.043,38.746
NAAZ,2021,Frensay,,MSAG-0515_DG.ZTE.Behind_Defence_Camp_Minilik.NAAZ.AA,9.043,38.774
NAAZ,180,Sidistkillo,,OLT-0303026.HW.Mini_OLT_Behind_Defence_Camp.NAAZ.AA,9.042,38.775
NAAZ,180,Sidistkillo,,OLT-111148.ZTE.Mini_OLT_sidist_Kilo.NAAZ,9.04219,38.76658
NAAZ,180,Sidistkillo,,OLT-111148.HW.OLT_Sidist_Kilo_SDKTEL.NAAZ.AA,9.042,38.767
WAAZ,2019,Arada,,MSAG-0473_DGC.ZTE.Near_3rd_Police_Station_Giorgis.WAAZ.AA,9.042,38.75
WAAZ,2019,Arada,,MSAN-0473.ZTE.Giorgis.WAAZ.AA,9.042,38.75
WAAZ,186,Addis Ketema,,MSAG-0638_DG.ZTE.Left_St_Michael_Church_Addis_Ketema.WAAZ.AA,9.042,38.733
WAAZ,186,Addis Ketema,,MSAG-0687_DG.ZTE.Chew_Berenda_Gulit_Gojam_Berenda.WAAZ.AA,9.042,38.737
WAAZ,2061,Kolfe,,MSAG-1217_DG.ZTE.Kolfe_Gebya_Kolfe.WAAZ.AA,9.042,38.713
WAAZ,2019,Arada,,MSAG-0456_BB.ZTE.Behind_Btelhem_School_Datsun_Sefer.WAAZ.AA,9.042,38.749
WAAZ,5939,Atkilt Tera,,MSAN-415_BB.ZTE.Infront_Lutheran_Church_Yohans.WAAZ.AA,9.042,38.746
NAAZ,2021,Frensay,,OLT-111161.HW.OLT_FerinsayLegasion_FRLTEL.NAAZ.AA,9.042,38.766
NAAZ,180,Sidistkillo,,MSAN-0507_DG.ZTE.Infront_Alfa_University_Genfele.NAAZ.AA,9.042,38.766
NAAZ,180,Sidistkillo,,MSAG-0502_DG.ZTE.Infront_Tele_Sidist_Kilo.NAAZ.AA,9.042,38.766
NAAZ,180,Sidistkillo,,MSAN-428_BB.ZTE.Near_Blind_Society_Compund_Sidist_Kilo.NAAZ.AA,9.041,38.758
NAAZ,2091,Koteba,,111084_MSAN_Kotebe_Dehininet.HW.Kotebe.NAAZ.AA,9.041,38.822
WAAZ,186,Addis Ketema,,MSAG-0614_DG.ZTE.Near_St_Michael_Church_Addis_Ketema.WAAZ.AA,9.041,38.722
WAAZ,186,Addis Ketema,,MSAN-0614.ZTE.Near_St_Michael_Church_Addis_Ketema.WAAZ.AA,9.041,38.722
WAAZ,2065,Asko,,111035- Tero_Mesgid_C620_Mini-OLT.WAAZ.AA,9.041,38.704
WAAZ,2019,Arada,,MSAG-0478_DG.ZTE.Near_Betelhem_School_Giorgis.WAAZ.AA,9.041,38.75
WAAZ,2019,Arada,,MSAN-0478_DG.ZTE.Near_Betelhem_School_Giorgis.WAAZ.AA,9.041,38.75
WAAZ,5969,Ashewa Meda,,MSAG-1201_DG.ZTE.Infront_Filpois_Mosque_Kolfe.WAAZ.AA,9.041,38.708
WAAZ,2019,Arada,,MSAG-0475_DGC.ZTE.Near_AA_Restaurant_Dejach_Wube.WAAZ.AA,9.041,38.754
WAAZ,5939,Atkilt Tera,,MSAN-483_BB.ZTE.Near_Abakoran_EDDC_Yohans.WAAZ.AA,9.041,38.743
WAAZ,2019,Arada,,MSAN-412_BB.ZTE.Behind_Besufekad_BLDG_Dejach_Wube.WAAZ.AA,9.041,38.754
NAAZ,180,Sidistkillo,,MSAG-0503_DG.ZTE.Near_kebele_03_Club_Sidist_Kilo.NAAZ.AA,9.041,38.767
NAAZ,180,Sidistkillo,,0302066-Mini-OLT-AAIT_Dormitary.MA5800.X7.HW.NAAZ,9.041,38.761160
NAAZ,2091,Koteba,,OLT-111093.HW.Mini_OLT_Health_Station.Kotebe.NAAZ.AA,9.041,38.844
NAAZ,2045,SheroMada,,MSAG-0501_DG.ZTE.Behind_Tele_Degu_Vila_Sidist_Kilo.NAAZ.AA,9.041,38.767
NAAZ,180,Sidistkillo,,MSAN-0502_DG.ZTE.Infront_Tele_Sidist_Kilo.NAAZ.AA,9.041,38.767
WAAZ,186,Addis Ketema,,MSAG-0637_DG.ZTE.Near_Genema_School_Addis_Ketema.WAAZ.AA,9.040476434,38.72989885
NAAZ,180,Sidistkillo,,MSAG-0537_DG.ZTE.Infront_Refugee_Camp_Sidist_Kilo.NAAZ.AA,9.040,38.767
NAAZ,180,Sidistkillo,,MSAN-0537_DG.ZTE.Infront_Refugee_Camp_SidistKilo.NAAZ.AA,9.040,38.767
NAAZ,2091,Koteba,,MSAG-1608_DG.ZTE.New_Health_Station_Kotebe.NAAZ.AA,9.040,38.845
WAAZ,5969,Ashewa Meda,,MSAG-1206_BB.ZTE.kolfe_Park_To_RING_Road_Kolfe.WAAZ.AA,9.04,38.713
WAAZ,5969,Ashewa Meda,,MSAN-1206_BB.ZTE.kolfe_Park_To_RING_Road_Kolfe.WAAZ.AA,9.04,38.713
WAAZ,2019,Arada,,MSAG-0432.ZTE.Around_Nigeria_Embassy.WAAZ.AA,9.04,38.753
WAAZ,2019,Piassa,,MSAG-0479_DG.ZTE.Infront_Medical_College_Giorgis.WAAZ.AA,9.04,38.751
WAAZ,2019,Arada,,MSAN-0479.ZTE.Giorgis.WAAZ.AA,9.04,38.751
WAAZ,186,Addis Ketema,,MSAG-0685_DG.ZTE.Near_St_Michael_Hotel_Addis_Ketema.WAAZ.AA,9.04,38.732
WAAZ,5969,Ashewa Meda,,MSAG-1211_DG.ZTE.Kolfe_Park_Kolfe.WAAZ.AA,9.04,38.711
WAAZ,2061,Kolfe,,MSAG-1224_DG.ZTE.Near_Blue_Park_Kolfe.WAAZ.AA,9.04,38.713
WAAZ,2061,Kolfe,,MSAG-1225_DG.ZTE.Near_Mesoya_Hotel_Kolfe.WAAZ.AA,9.04,38.714
WAAZ,2061,Kolfe,,MSAG-1226_DGC.ZTE.Bengaham_School_Kolfe.WAAZ.AA,9.04,38.716
WAAZ,2019,Arada,,MSAG-0474_DG.ZTE.Near_Medical_College_Giorgis.WAAZ.AA,9.04,38.751
WAAZ,2061,Kolfe,,OLT.Kolfe.ZTE...C300v2.Kolfe.WAAZ.AA,9.04,38.713
NAAZ,2091,Koteba,,OLT-113174.HW.Mini_OLT_Kotebe_National_Security.NAAZ.AA,9.040,38.826
NAAZ,180,Sidistkillo,,MSAG-0493_DGC.ZTE.Near_Belay_Zeleke_School_Arat_kilo.NAAZ.AA,9.040,38.759
NAAZ,2091,Koteba,,MSAG-1617_BB.ZTE.Kara_7th_Adventist_Chruch_Kotebe.NAAZ.AA,9.040,38.856
NAAZ,180,Sidistkillo,,MSAG-0508_DG.ZTE.Infront_Feresegna_Gebi_Minilik.NAAZ.AA,9.039,38.771
NAAZ,2021,Frensay,,MSAN-0509_DG.ZTE.Infront_ResaBer_Minilik.NAAZ.AA,9.039,38.771
NAAZ,180,Sidistkillo,,MSAG-0504_DG.ZTE.Behind_ersgna_Gebi_Camp_Sidst_Kilo.NAAZ.AA,9.039,38.768
WAAZ,2019,Arada,,OLT-111029.HW.Mini_OLT_Arada-.WAAZ.AA,9.039,38.752
WAAZ,5969,Ashewa Meda,,MSAG-1207_DG.ZTE.Infront_Of_kolfe_Park_Kolfe.WAAZ.AA,9.039,38.711
WAAZ,5939,Atkilt Tera,,MSAG-0484_DGC.ZTE.Infront_Tibeb_Hospital_Chew_Brenda.WAAZ.AA,9.039,38.742
WAAZ,2019,Arada,,MSAN-0484.ZTE.Infront_Tibeb_Hospital_Chew_Brenda.WAAZ.AA,9.039,38.742
WAAZ,186,Addis Ketema,,MSAG-0645_DG.ZTE.Near_Haleluya_School_Addis_Ketema.WAAZ.AA,9.039,38.731
WAAZ,2066,Burayu,,MSAG-0422_DGC.ZTE.Infront_Hagbes_Chew_Brenda.WAAZ.AA,9.039,38.742
WAAZ,186,Addis Ketema,,MSAN-0612.ZTE.Amanuel_Tsega_BLDG_Meslamia.WAAZ.AA,9.039,38.737
NAAZ,180,Sidistkillo,,MSAG-0495_BB.ZTE.Infront_Nazret_School_Arat_kilo.NAAZ.AA,9.039,38.758
NAAZ,2091,Koteba,,MSAG-0341_DG.ZTE.Selam_Technical_School_Kotebe.NAAZ.AA,9.039,38.831
NAAZ,2098,SholaGebeya,,111635-Mini-OLT.HW.Yeka-Lideta-Church.NAAZ,9.03859,38.78711
NAAZ,2091,Koteba,,MSAG-1607_BB.ZTE.Karalo_Hotel_Kotebe.NAAZ.AA,9.039,38.854
NAAZ,2087,Gurde-Shola,,MSAG-0301_DG.ZTE.Left_Of_Kebele_02_Kotebe.NAAZ.AA,9.038,38.827
NAAZ,180,Sidistkillo,,111066-MDU-Holy-Trinity-University.NAAZ,9.038,38.776
NAAZ,2021,Frensay,,OLT-111867.HW.Mini_OLT_minilik_hospital.NAAZ.AA,9.038,38.776
NAAZ,2021,Frensay,,MSAG-0509_DG.ZTE.Infront_ResaBer_Minilik.NAAZ.AA,9.038,38.774
NAAZ,2021,Frensay,,MSAN-0511_DGC.ZTE.Near_GermenEmbassy_Bela.NAAZ.AA,9.038,38.774
NAAZ,2021,Frensay,,MSAG-0511_DGC.ZTE.Near_Germen_Embassy_Bela.NAAZ.AA,9.038,38.780
NAAZ,180,Sidistkillo,,MSAN-0514_DG.ZTE.Near_Total_Kebena.NAAZ.AA,9.038,38.780
WAAZ,5939,Atkilt Tera,,MSAG-0447_BB.ZTE.Near_Kebele_Milinium_2000_Chew_Bren.WAAZ.AA,9.038072868,38.74210586
WAAZ,2061,Kolfe,,MSAG-0619_DG.ZTE.Sefere_Selam_Meslamia.WAAZ.AA,9.038,38.721
WAAZ,2061,Kolfe,,MSAN-0619_DG.ZTE.Sefere_Selam_Meslamia.WAAZ.AA,9.038,38.721
WAAZ,2019,Arada,,MSAG-0457_DG.ZTE.Infront_ST_Giorgis_Church_Giorgis.WAAZ.AA,9.038,38.752
WAAZ,2019,Arada,,MSAG-0476_DG.ZTE.Infront_AA_Fire_Brigade_Giorgis.WAAZ.AA,9.038,38.753
WAAZ,5939,Atkilt Tera,,MSAN-481_BB.ZTE.Near_CBE_Sebara_Babur_Branch_Giorgis.WAAZ.AA,9.038,38.748
NAAZ,2091,Koteba,,113267-Mini-OLT-HW.Kotebe-Mesalemia-Mariam.NAAZ,9.03797,38.85007
NAAZ,2091,Koteba,,MSAG-1637_DG.ZTE.Next_To_Karalo_School_Kotebe.NAAZ.AA,9.038,38.856
NAAZ,2091,Koteba,,MSAN-1637_DG.ZTE.Next_To_Karalo_School_Kotebe.NAAZ.AA,9.038,38.856
NAAZ,2021,Frensay,,MSAG-0510_DG.ZTE.Infront_Old_BLDG_Hospital_Minilik.NAAZ.AA,9.038,38.775
NAAZ,180,Sidistkillo,,111772-OLT.Arada_Manufacturing_Collage.HW.NAAZ,9.038,38.769
NAAZ,180,Sidistkillo,,111402-Mini-MSAN-Addis-Media-network.HW.NAAZ,9.03746,38.76063
NAAZ,2087,Gurde-Shola,,MSAN-111398.HW.MSAN_Around_Wendirad_School.NAAZ.AA,9.037,38.835
NAAZ,2091,Koteba,,MSAG-1604_BB.ZTE.Wenderad_School_Kotebe.NAAZ.AA,9.037,38.835
WAAZ,2061,Kolfe,,MSAG-0618_DG.ZTE.St_Petros_Hospital_Meslamia.WAAZ.AA,9.037,38.723
WAAZ,2061,Kolfe,,MSAG-1227_DG.ZTE.Asiregna_Below_kolfe_Tele_Kolfe.WAAZ.AA,9.037,38.714
WAAZ,2063,Shegole,,MSAN-0615_BB.ZTE.Near_Eshet_School_kuwas_Meda.WAAZ.AA,9.037,38.727
WAAZ,186,Addis Ketema,,MSAN-0605_BB.ZTE.Tana_Gebeya_Merkato.WAAZ.AA_Merkato.WAAZ.AA,9.037,38.735
WAAZ,5969,Ashewa Meda,,MSAG-0002_DG.ZTE.Industry_Zone_Tatek.WAAZ.AA,9.036788439,38.63810328791934
NAAZ,180,Sidistkillo,,MSAG-0547_DG.ZTE.Infront_Sanford_School_Minilik.NAAZ.AA,9.037,38.773
NAAZ,180,Sidistkillo,,OLT.HW.Mini_OLT_5Kilo_Besides_MSAG_401.NAAZ.AA,9.036,38.762
NAAZ,2091,Koteba,,Mini-OLT-Kotebe.ZTE.C620.Hanamariam.NAAZ.AA,9.036,38.828
SWAAZ,1986,Betel,,MSAG-1210_DG.ZTE.Right_side_of_18_Square_Kolfe.SWAAZ.AA,9.03623,38.70655
NAAZ,180,Sidistkillo,,MSAG-0401_DG.ZTE.Inside_Aaprtment_Compund_Arat_Kilo.NAAZ.AA,9.036,38.762
NAAZ,2021,Frensay,,111066-MDU-FHC-kebena.NAAZ.AA,9.036,38.778
WAAZ,5939,Atkilt Tera,,MSAG-0482.ZTE.Talian_Sefer_Near_Condominum_Atkelt_Te.WAAZ.AA,9.036,38.749
WAAZ,186,Addis Ketema,,MSAG-0627_DG.ZTE.Atenafe_Hotel_Addis_Ketema.WAAZ.AA,9.036,38.732
WAAZ,186,Addis Ketema,,MSAG-0636_DG.ZTE.Left_Infront_Atenaf_Hote_Add_Ketema.WAAZ.AA,9.036,38.732
NAAZ,180,Sidistkillo,,MSAG-0543_DG.ZTE.Infront_Art_school_Genfele.NAAZ.AA,9.036,38.768
NAAZ,2098,SholaGebeya,,Mini-OLT-Kokebe_Tsibah_School.ZTE.C620.Kotebe.NAAZ.AA,9.036,38.780
NAAZ,2091,Koteba,,.111659-Mini-OLT-Kotebe.ZTE.C620.NAAZ.AA,9.036,38.824
NAAZ,2087,Gurde-Shola,,MSAG-0302_DG.ZTE.Kebele_02_Taxi_Station_Kotebe.NAAZ.AA,9.036,38.828
NAAZ,2098,SholaGebeya,,111066-MDU-Kenya-Embassy.ZTE.NAAZ.AA,9.036,38.773
WAAZ,2061,Kolife/Mesalemia,,MSAG-0691_DG.ZTE.Infront_Shewa_Tsega_BLDG_Meslamia.WAAZ.AA,9.035,38.728
WAAZ,2063,Shegole,,MSAN-0691_DG.ZTE.Infront_Shewa_Tsega_BLDG_Meslamia.WAAZ.AA,9.035,38.728
WAAZ,5939,Atkilt Tera,,MSAG-0485_BB.ZTE.Infront_EDDC_Atkelt_Tera.WAAZ.AA,9.035,38.745
WAAZ,5939,Atkilt Tera,,MSAN-0485_BB.ZTE.Infront_EDDC_Atkelt_Tera.WAAZ.AA,9.035,38.745
WAAZ,186,Addis Ketema,,MSAG-0626_DG.ZTE.Near_Adds_Ketema_School_Add_Ketema.WAAZ.AA,9.035,38.734
WAAZ,2061,Kolfe,,MSAG-0663_DG.ZTE.Near_Gena_Hotel_Meslamia.WAAZ.AA,9.035,38.725
WAAZ,2019,Arada,,MSAN-ethio-ceramics-kechene-medhanialem.ZTE.WAAZ.AA,9.035,38.755
WAAZ,186,Addis Ketema,,MSAN-0607_BB.ZTE.Addis_Abeba_Market_BLDG_Merkato.WAAZ.AA,9.035,38.724
WAAZ,186,Addis Ketema,,MSAN-0652F1_BB.ZTE.Around_Fasil_Pharmacy_Addis_Ketema.WAAZ.AA,9.035,38.736
WAAZ,186,Addis Ketema,,MSAN-0652F2_BB.ZTE.Around_Fasil_Pharmacy_Addis_Ketema.WAAZ.AA,9.035,38.736
WAAZ,5939,Atkilt Tera,,MSAN-409_BB.ZTE.Inside_AA_Mazegaja_BLDG_Giorgis.WAAZ.AA,9.035,38.751
WAAZ,5939,Atkilt Tera,,MSAN-438_BB.ZTE.Inside_Tefera_Siyoum_BLDG_Atkelt_Tera.WAAZ.AA,9.035,38.745
WAAZ,2019,Arada,,OLT.HW.Mini_OLT_Aduwa_00km.WAAZ.AA,9.035,38.752
NAAZ,2098,SholaGebeya,,111066-MDU-KOKEBE-TSABHA.NAAZ.AA,9.03467,38.78038
NAAZ,2045,SheroMada,,MSAN-0501_DG.ZTE.Behind_Tele_DeguVila_Sidist_Kilo.NAAZ.AA,9.034,38.760
NAAZ,180,Sidistkillo,,MSAN-0469_DGC.ZTE.Infront_Basha_Wolde_Arat_kilo.NAAZ.AA,9.034,38.760
NAAZ,180,Sidistkillo,,112111-DSLAM-Buna_Bank_9806H.ZTE.NAAZ.AA,9.034,38.777
NAAZ,2098,SholaGebeya,,111066-MDU-BIO_DIVERSITY-2.ZTE.NEAR_EMBASSY.NAAZ.AA,9.034,38.781
EAAZ,5941,Summit,,111086_OLT_Kotebe_FL.HW.iCMCHospital.EAAZ.AA,9.034230933,38.85635765
NAAZ,2098,SholaGebeya,,MSAN-0823_BB.HW.Russia_Embassy_Kebena.NAAZ.AA,9.034,38.781
NAAZ,2087,Gurde-Shola,,MSAG-0303_DG.ZTE.Kebele_02_Police_Station_Kotebe.NAAZ.AA,9.034,38.829
NAAZ,2087,Gurde-Shola,,MSAN-0303_DG.ZTE.Kebele_02_Police_Station_Kotebe.NAAZ.AA,9.034,38.829
WAAZ,1683,Adwa,,MDU-MA5616_Adwa00.WAAZ,9.034,38.753
WAAZ,5939,Atkilt Tera,,MSAG-0487_DG.ZTE.Near_Africa_Andnet_School_Atkelt_Te.WAAZ.AA,9.034,38.749
WAAZ,2019,Arada,,MSAN-0487_DG.ZTE.Near_Africa_Andnet_School_AtkltTera.WAAZ.AA,9.034,38.749
WAAZ,186,Addis Ketema,,MSAG-0602_DGC.ZTE.Infront_Fasil_Farmcy_Gojam_Berenda.WAAZ.AA,9.034,38.736
WAAZ,186,Addis Ketema,,MSAG-0607_DG.ZTE.To_Yohannes_Road_Gojam_Berenda.WAAZ.AA,9.034,38.739
WAAZ,186,Addis Ketema,,MSAG-0635_DG.ZTE.Infront_Atenaf_Hotel_Addis_Ketema.WAAZ.AA,9.034,38.73
WAAZ,2075,Mercato,,MSAG-0647_DGC.ZTE.Near_Fire_Bergade_Meslamia.WAAZ.AA,9.034,38.728
WAAZ,186,Addis Ketema,,MSAG-0648_DGC.ZTE.Berehan_Bank_Ameda_Branch_Merkato.WAAZ.AA,9.034,38.735
WAAZ,2075,Mercato,,MSAG-0658_BB.ZTE.Near_Merkato_Hotel_Addis_Ketema.WAAZ.AA,9.034,38.731
WAAZ,186,Addis Ketema,,MSAG-0673_DG.ZTE.Addis_ketema_Tele_Addis_Ketema.WAAZ.AA,9.034,38.733
WAAZ,5939,Atkilt Tera,,MSAG-0486_DG.ZTE.Infront_Arada_Exchange_Atkelt_Tera.WAAZ.AA,9.034,38.749
WAAZ,2075,Mercato,,MSAN-0610_BB.ZTE.infront_Mola_Maru_Mola_Maru.WAAZ.AA,9.034,38.724
WAAZ,186,Addis Ketema,,MSAN-0608_BB.ZTE.Yirga_Hayle_BLDG_Merkato.WAAZ.AA,9.034,38.739
WAAZ,5939,Atkilt Tera,,MSAN-424_BB.ZTE.Near_Kelifa_BLDG_Atkelt_Tera.WAAZ.AA,9.034,38.747
NAAZ,180,Sidistkillo,,DSLAM-Ethiopian_PRESS_AGENCY_9806H.ZTE...NAAZ.AA,9.034,38.761
NAAZ,180,Sidistkillo,,MSAN-0431_BB.ZTE.Near_Elisi_BLDG_Aratkilo.NAAZ.AA,9.034,38.762
NAAZ,2098,SholaGebeya,,MSAG-0820_DGC.ZTE.Kenya_Embassy_Kebena.NAAZ.AA,9.034,38.785
NAAZ,2098,SholaGebeya,,MSAN-820_BB.ZTE.British_Embassy.NAAZ.AA,9.03367,38.78476
NAAZ,180,Sidistkillo,,MSAG-0505_DG.ZTE.Near_Mathiw_Anglical_Church_Genfele.NAAZ.AA,9.034,38.769
NAAZ,2021,Frensay,,OLT-111853.HW.Mini_OLT_Ferensay_Youth_Center.NAAZ.AA,9.034,38.768
NAAZ,180,Sidistkillo,,OLT-111679.HW.Mini_OLT_Ginfile_Bridge.NAAZ.AA,9.034,38.768
NAAZ,180,Sidistkillo,,MSAN-0508_DG.ZTE.Infront_Feresegna_Gebi_Minilik.NAAZ.AA,9.034,38.768
NAAZ,180,Sidistkillo,,MSAG-0507_DG.ZTE.Infront_Alfa_University_Genfele.NAAZ.AA,9.034,38.768
NAAZ,2098,SholaGebeya,,111066-MDU-BIO_DIVERSITY-1.ZTE.NEAR_EMBASSY.NAAZ.AA,9.03328,38.78240
SWAAZ,1987,Betel,,111410-Mini-OLT-Fili_Doro.HW.Kolfe.SWAAZ.AA,9.033279779,38.68838416
EAAZ,5940,Ayat,,Mini-OLT_Gemanaye_Mariam_112199_EAAZ.AA,9.033271,38.8796
NAAZ,180,Sidistkillo,,DSLAM-NIB_Bank_9806H.ZTE.inside_NIB_Bank_Building.4killo.NAAZ.AA,9.033,38.762
NAAZ,180,Sidistkillo,,MSAN-0518_DG.ZTE.Infront_Mosque_Afincho_Ber.NAAZ.AA,9.033,38.776
NAAZ,180,Sidistkillo,,DSLAM-Pension_and_Social_Security_9806H.ZTE.NAAZ.AA,9.033,38.766
NAAZ,2098,SholaGebeya,,MSAN-0810_BB.HW.British_Embassy_Compund_Kebena.NAAZ.AA,9.033,38.787
WAAZ,5969,Ashewa Meda,,OLT_HW.Mini_OLT...Ashewameda_Diaspora_sefer.WAAZ..AA,9.033,38.666
WAAZ,186,Addis Ketema,,MSAG-0612_DGC.ZTE.St_Raguael_Church_Merkato.WAAZ.AA,9.033,38.739
WAAZ,186,Addis Ketema,,MSAG-0669_DGC.ZTE.4th_Police_Station_Merkato.WAAZ.AA,9.033,38.738
WAAZ,2061,Kolfe,,MSAG-1215.ZTE.18_Square_Left_Side_Kolfe.WAAZ.AA,9.033,38.708
WAAZ,2061,Kolfe,,MSAG-1219_DG.ZTE.kolfe_Tele_Kolfe.WAAZ.AA,9.033,38.714
WAAZ,5939,Atkilt Tera,,MSAG-0488_DG.ZTE.Near_Old_Post_Office_Atkelt_Tera.WAAZ.AA,9.033,38.75
WAAZ,2075,Mercato,,MSAN-0680_BB.ZTE.Back_Amanuel_Tsega_BLDG_Meslamia.WAAZ.AA,9.033,38.723
NAAZ,180,Sidistkillo,,MDU-AAU_4_Killo.ZTE.Campus.NAAZ.AA,9.03281,38.76606
NAAZ,180,Sidistkillo,,MSAN-433_BB.ZTE.Inside_Education_Ministre_Arat_kilo.NAAZ.AA,9.033,38.763
SWAAZ,1986,Betel,,MSAG-1214_DG.ZTE.Fetino_Police_Road_Kolfe.SWAAZ.AA,9.03252,38.70767
NAAZ,2091,Koteba,,MSAG-1603_DG.ZTE.Around_Wessen_Grocery_Kotebe.NAAZ.AA,9.032,38.843
NAAZ,2091,Koteba,,MSAN-1603_DG.ZTE.Around_Wessen_Grocery_Kotebe.NAAZ.AA,9.032,38.843
NAAZ,180,Sidistkillo,,111617-Mini-OLT-HW.Basha-Welde-Chilot.NAAZ,9.03203,38.76062
WAAZ,186,Addis Ketema,,MSAG-0655_DG.ZTE.Satene_Tera_Merkato.WAAZ.AA,9.032,38.734
WAAZ,186,Addis Ketema,,MSAG-0656.ZTE.Shenkora_Berenda_Sebategna.WAAZ.AA,9.032,38.736
WAAZ,5939,Atkilt Tera,,MSAG-0407.ZTE.On_The_North_Squre_Somale_Tera.WAAZ.AA,9.032,38.747
WAAZ,5969,Ashewa Meda,,MSAG-0001_DGC.ZTE.Ashewa_Meda_Tatek.WAAZ.AA,9.032,38.671
WAAZ,2066,burayu,,MSAN-413_BB.ZTE.Inside_EEPCO_BLDG_Piasa.WAAZ.AA,9.032,38.753
WAAZ,186,Addis Ketema,,MSAG-0653_DGC.ZTE.Shera_Tera_Merkato.WAAZ.AA,9.03185102,38.73613062
NAAZ,180,Sidistkillo,,DSLAM-Ambassador_Mall_9806H.ZTE.inside_Ambassador_Mall.4Kilo.NAAZ.AA,9.03176,38.76310
NAAZ,2087,Gurde-Shola,,MSAG-0305_DG.ZTE.Kidane_Mihiret_Church_Kotebe.NAAZ.AA,9.032,38.821
NAAZ,2087,Gurde-Shola,,MSAN-0305_DG.ZTE.Kidane_Mihiret_Church_Kotebe.NAAZ.AA,9.032,38.821
NAAZ,2098,SholaGebeya,,111861_MDU-Bishngari_Bldg.HW..NAAZ.AA,9.032,38.783
NAAZ,180,Sidistkillo,,MSAG-0512_DG.ZTE.Around_Kebele_14_Kebena.NAAZ.AA,9.032,38.773
SWAAZ,1986,Betel,,MSAG-1223_DG.ZTE.kolfe_EEPCo_Office_Kolfe.SWAAZ.AA,9.03153,38.71638
NAAZ,2091,Koteba,,MSAG-1618_BB.ZTE.Sunshine_Residence_Summit.NAAZ.AA,9.032,38.849
NAAZ,2091,Koteba,,MSAN-1618_BB.ZTE.Sunshine_Residence_Summit.NAAZ.AA,9.032,38.849
WAAZ,2075,Mercato,,MSAG-0605_DG.ZTE.Below_YZ_BLDG_Addis_Ketema.WAAZ.AA,9.031,38.732
WAAZ,2075,Mercato,,111057-OLT-Merkato_Gebeya_Adarash.ZTE.C650.WAAZ.AA,9.031,38.737
WAAZ,2019,Piassa,,MSAN-0490_DG.ZTE.Near_Yohomia_Kitfo_Piasa.WAAZ.AA,9.031,38.755
WAAZ,186,Addis Ketema,,MSAG-0609_DGC.ZTE.Dubaye_Tera_Merkato.WAAZ.AA,9.031,38.737
WAAZ,186,Addis Ketema,,MSAG-0640_DG.ZTE.Gebeya_Adarash_Merkato.WAAZ.AA,9.031,38.737
WAAZ,2075,Mercato,,OLT-111057.HW.Mini_OLT_Merkato_Admas.WAAZ.AA,9.031,38.74
NAAZ,2098,SholaGebeya,,111669-Mini_OLT-MESKEL_WASHA.HW.MESKEL_WASHA.NAAZ.AA,9.031,38.800
NAAZ-2,182,Legehar,,MSAG-0406_DGC.ZTE.Infront_Eliana_Mall.Churchill_Street.NAAZ-2.AA,9.031,38.751
NAAZ-2,182,Legehar,,MSAN-0406_DGC.ZTE.Infront_Eliana_Mall.Churchill_Street.NAAZ-2.AA,9.031,38.751
NAAZ,2091,Koteba,,MSAG-1602_BB.ZTE.Infront_Estifanose_BULD_Kotebe.NAAZ.AA,9.030,38.838
NAAZ,180,Sidistkillo,,MSAG-0559_DGC.ZTE.Inside_Parlama_BLDG_Arat_kilo.NAAZ.AA,9.030,38.764
EAAZ,5940,Ayat,,MSAG-2504_BB.ZTE.Zone_8_Road_11_Ayat.EAAZ.AA,9.03019,38.87582
EAAZ,5940,Ayat,,MSAN-2504_BB.ZTE.Zone_8_Road_11_Ayat.EAAZ.AA,9.03019,38.87582
NAAZ,180,Sidistkillo,,MSAN-427_BB.ZTE.Infront_Danu_Hospital_Arat_kilo.NAAZ.AA,9.030,38.761
WAAZ,2075,Mercato,,OLT.HW-5800x2__Haji_egesseBldg_Mini_OLT..WAAZ.AA,9.03,38.742
WAAZ,5939,Atkilt Tera,,OLT_112119.HW.Mini_OLT_Urago.bldg_NearAmericanGibi..WAAZ.AA,9.03,38.742
WAAZ,186,Addis Ketema,,MSAG-0608_DGC.ZTE.Cinema_Rase_Merkato.WAAZ.AA,9.03,38.741
WAAZ,186,Addis Ketema,,MSAG-0613_BB.ZTE.American_Gibi_Merkato.WAAZ.AA,9.03,38.738
WAAZ,2075,Mercato,,MSAG-0617_DGC.ZTE.Near_Merabe_Hotel_Merkato.WAAZ.AA,9.03,38.738
WAAZ,2075,Mercato,,MSAG-0620_DGC.ZTE.Amanuiel_Hospital_Meslamia.WAAZ.AA,9.03,38.724
WAAZ,186,Addis Ketema,,MSAG-0666_DGC.ZTE.Near_City_Bus_Station_Merkato.WAAZ.AA,9.03,38.738
NAAZ-2,2048,Kazanchis,,MSAG-0410_DGC.ZTE.Infront_Banko_Di_Roma.Piasa.NAAZ-2.AA,9.030,38.752
NAAZ,2098,SholaGebeya,,111201-Miniolt-HW.4-killo-Silassie-Mekabir.NAAZ,9.02977,38.77095
NAAZ-2,2048,Kazanchis,,111420-Mini-OLT-Piasa_CBE_Mehateme_Gandhi.NAAZ-2. AA,9.030,38.752
NAAZ,2087,Gurde-Shola,,MSAG-0308_DG.ZTE.Wesen_Road_Near_Bemnet_Hotel_Kotebe.NAAZ.AA,9.030,38.836
NAAZ-2,2048,Kazanchis,,MSAN-418_BB.ZTE.Inside_Haron_BLDG.Piassa.NAAZ-2.AA,9.029,38.752
WAAZ,2075,Mercato,,MSAG-0606_BB.ZTE.Sebategna_Squar_Sebategna.WAAZ.AA,9.029,38.733
WAAZ,5969,Ashewa Meda,,MSAG-1220_DG.ZTE.kolfe_Tele_Kolfe.WAAZ.AA,9.029,38.713
WAAZ,186,Addis Ketema,,MSAN-Mesalemiya.ZTE.Ehilberenda.WAAZ.AA,9.029,38.739
WAAZ,2075,Mercato,,MSAN-0620F1_BB.ZTE.Near_Amanuel_Hospital_Amanuel.WAAZ.AA,9.029,38.724
WAAZ,2075,Mercato,,MSAN-0620F2_BB.ZTE.Near_Amanuel_Hospital_Amanuel.WAAZ.AA,9.029,38.724
WAAZ,2075,Mercato,,MSAN-0601_BB.ZTE.Sebategna_To_Amanuel_road_Sebategna.WAAZ.AA,9.029,38.73
WAAZ,186,Addis Ketema,,MSAN-0692_BB.ZTE.Tewkel_BLDG_Merkato.WAAZ.AA,9.029,38.739
WAAZ,2075,Mercato,,MSAN-0614_DGC.ZTE.CBE_Adiss_Ketema_Branch_Merkato.WAAZ.AA,9.029,38.737
WAAZ,186,Addis Ketema,,MSAN-0616_BB.ZTE.Near_Haji_Ture_PLC_Merkato.WAAZ.AA,9.029,38.738
EAAZ,5940,bole arabsa,,MDU-0025_BB.HW.Addis_Mender_Around_ET_Office_Ayat.EAAZ.AA,9.028943,38.877308
EAAZ,5940,Ayat,,113050-Mini-OLT-Yeka_Tafo_Condo.ZTE.C650.EAAZ.AA,9.028789,38.889682
NAAZ,180,Sidistkillo,,MSAG-0500_DGC.ZTE.Inside_Prime_Mnster_BLDG_Arat_kilo.NAAZ.AA,9.029,38.766
NAAZ,2098,SholaGebeya,,MSAG-0838_DG.ZTE.Near_Minarol_BLDG_Yeka.NAAZ.AA,9.029,38.790
NAAZ,2087,Gurde-Shola,,MSAG-0309_DG.ZTE.Infront_Of_Wesen_NOC_Station_Kotebe.NAAZ.AA,9.028,38.833
NAAZ,2098,SholaGebeya,,MSAN-0835_BB.HW.Near_British_Embassy_Yeka.NAAZ.AA,9.028,38.788
NAAZ,2098,SholaGebeya,,OLT-111655.HW.Mini_OLT_British_Embassy.NAAZ.AA,9.028,38.787
NAAZ-2,2048,Kazanchis,,MSAG-4108_DGC.ZTE.Near_Ethio_Ceramic_BLDG.Piasa.NAAZ-2.AA,9.028,38.755
SWAAZ,1986,Mekanisa,,MSAG-2213_DG.ZTE.Kore_Condominium_3_kore.SWAAZ.AA,9.02827,38.71473
SWAAZ,1986,Betel,,MSAG-1213_DG.ZTE.Liya-Pharmacy_Kolfe.SWAAZ.AA,9.02827,38.71473
NAAZ,180,Sidistkillo,,113751_MDU-Berges-Clinic-Erie-Bekentu.HW.NAAZ-AA,9.02827,38.75973
NAAZ,2098,SholaGebeya,,MSAG-0819_BB.ZTE.Right_Misirak_TVET_School_Balderas.NAAZ.AA,9.028,38.792
NAAZ,2098,SholaGebeya,,MSAN-0819_BB.ZTE.Right_Misirak_TVET_School_Balderas.NAAZ.AA,9.028,38.792
NAAZ,2098,SholaGebeya,,OLT-111006.HW.Mini_OLT_Balderas.NAAZ.AA,9.028,38.783
NAAZ-2,2048,Kazanchis,,MSAG-0867_DG.ZTE.Back_Balderas_Club.Balderas.NAAZ-2.AA,9.028,38.783
WAAZ,5969,Ashewa Meda,,OLT-113083-Abdii_noonnoo_Pri_school-MA5800-x7.WAAZ,9.028,38.663
NAAZ-2,2048,Kazanchis,,MDU-0013-MK_BLDG.Inside_MK_BLDG.Tewodros_Square.NAAZ-2.AA,9.028,38.752
NAAZ,2087,Gurde-Shola,,OLT-111091.HW.Mini_OLT_Wesen_Hillside_School.NAAZ.AA,9.02805,38.83229
NAAZ,180,Sidistkillo,,111006_MDU-FHC_Aware.HW.Aware.NAAZ.AA,9.028,38.777
EAAZ,5941,Summit,,111086_OLT_Kotebe_FL.HW.iCMCHospital.EAAZ.AA,9.02802276,38.85818432
NAAZ,2091,Koteba,,OLT-111613-HW-Mini_OLT-CMC-Luke-5800-x7.NAAZ,9.02801,38.84801
WAAZ,2061,Kolfe,,MSAG-1216_DG.ZTE.Aba_Jefar_Mosque_Kolfe.WAAZ.AA,9.028,38.715
WAAZ,2061,KOLFE 2,,MSAN-1216_DG.ZTE.Aba_Jefar_Mosque_Kolfe.WAAZ.AA,9.028,38.715
WAAZ,186,Addis Ketema,,111735_Wereda_Hulet_Youth_Center-OLT_C620_ZTE.WAAZ,9.028,38.729
WAAZ,2019,Piassa,,MSAN-0609_BB.ZTE.Inside_Dire_BLDG_Sebategna.WAAZ.AA,9.028,38.733
WAAZ,2075,Mercato,,MSAN-629.ZTE.AddisKetema.WAAZ.AA,9.028,38.737
WAAZ,186,Addis Ketema,,MSAN-0606_BB.ZTE.Leyla_BLDG_Merkato.WAAZ.AA,9.027907722,38.74156079
SWAAZ,1986,Betel,,111182-OLT-kolfe_Liya_pharmacy.ZTE.C650.Kolfe.SWAAZ.AA,9.02786,38.714
NAAZ-2,2048,Kazanchis,,MSAG-0416_DGC.ZTE.Setan_Bet.Tewodros_Square.NAAZ-2.AA,9.028,38.752
NAAZ-2,182,Legehar,,MSAG-0420_DG.ZTE.Near_BTS_Gola_Micheal.Tewodros_Squar.NAAZ-2.AA,9.027,38.748
NAAZ-2,182,Legehar,,MSAG-0425_DGC.ZTE.Behind_Garad_BLDG.Tekle_Haymanot.NAAZ-2.AA,9.027,38.745
NAAZ-2,182,Legehar,,MSAN-0420_DG.ZTE.Near_BTS_Gola_Micheal.Tewodros_Square.NAAZ-2.AA,9.027,38.748
NAAZ,2091,Koteba,,MSAG-1601_BB.ZTE.From_Wesen_To_CMC_Mkael_Road_Summit.NAAZ.AA,9.027,38.840
NAAZ,2098,SholaGebeya,,MSAG-0866_DG.ZTE.Feres_Bet_Condominium_Gate_Balderas.NAAZ.AA,9.027,38.783
NAAZ-2,2048,Kazanchis,,MSAN-0726_DG.ZTE.Beside_Gibe_Gebrel_Church.Kazanchis.NAAZ-2.AA,9.027,38.768
NAAZ-2,182,Legehar,,MSAN-403-BB.ZTE.Churchill_Street.Tewodros_Square.NAAZ-2.AA,9.027,38.751
WAAZ,186,Addis Ketema,,111159-OLT-Amanuael_Ajip.ZTE.C620.Addis_Ketema.WAAZ,9.027,38.727
WAAZ,2075,Mercato,,MSAG-0661_DG.ZTE.Near_Amanuiel_Church_Addis_Ketema.WAAZ.AA,9.027,38.723
WAAZ,2075,Mercato,,MSAN-0611_BB.ZTE.Chilalo_Hotel_Sebategna.WAAZ.AA,9.027,38.732
NAAZ-2,2048,Kazanchis,,112110-MINI-OLT-Nigat_Kokeb_School.ZTE.C620.Aware.NAAZ-2.AA,9.027,38.779
NAAZ-2,2048,Kazanchis,,MSAN-0459_DG.ZTE.Above_Lice_School.Tewodros_Square.NAAZ-2.AA,9.027,38.754
NAAZ,2098,SholaGebeya,,MSAG-0865_DG.ZTE.Condominium_Main_Gate_Balderas.NAAZ.AA,9.027,38.782
NAAZ-2,182,Legehar,,MSAG-0444_DG.ZTE.Behind_Condo.Tekle_Haymanot.NAAZ-2.AA,9.026,38.754
NAAZ,2087,Gurde-Shola,,MSAG-0317_DGC.ZTE.Wesen_Road_EEPCO_Condominum_Kotebe.NAAZ.AA,9.026,38.828
NAAZ,2087,Gurde-Shola,,MSAN-0317_DGC.ZTE.Wesen_Road_EEPCO_Condominum_Kotebe.NAAZ.AA,9.026,38.828
NAAZ,180,Sidistkillo,,111144-Prime-Minister-office-OLT.ZTE.NAAZ.AA,9.026,38.765
NAAZ-2,182,Legehar,,MSAN-0425_DGC.ZTE.Behind_Garad_BLDG.TekleHaymanot.NAAZ-2.AA,9.026,38.747
EAAZ,5940,Ayat,,MSAN-2530_BB.HW.Around_Gift_Realstate_Ayat.EAAZ.AA,9.026001,38.885132
WAAZ,186,Addis Ketema,,MSAG-0650_DGC.ZTE.Near_Pepsi_Factory.Tekle_Haymanot.WAAZ.AA,9.026,38.742
WAAZ,186,Addis Ketema,,MSAN-0650_DGC.ZTE.Near_Pepsi_Factory.Tekle_Haymanot.WAAZ.AA,9.026,38.742
WAAZ,186,Addis Ketema,,MSAG-0628_DG.ZTE.Behind_Fersegna_Police.Addis_Ketema.WAAZ.AA,9.026,38.742
WAAZ,2075,Mercato,,MSAG-0667_DG.ZTE.Near_Kebele_14_Amanuel.WAAZ.AA,9.026,38.726
WAAZ,2075,Mercato,,MSAG-0668_DG.ZTE.Below_Dire_BLDG_Sebategna.WAAZ.AA,9.026,38.733
WAAZ,186,Addis Ketema,,MSAN-0665_BB.ZTE.Berbere_Berenda.Tekle_Haymanot.WAAZ.AA,9.026,38.739
WAAZ,2075,Mercato,,MSAN-0604_BB.ZTE.Near_Shawel_Dema_School_Sebategna.WAAZ.AA,9.026,38.729
WAAZ,2075,Mercato,,MSAN-603_BB.ZTE.Infront_Shawel_Dema_School_Sebategna.WAAZ.AA,9.026,38.731
WAAZ,2075,Mercato,,MSAN-0646F1_BB.ZTE.Atlas_Clinic_Sebategna.WAAZ.AA,9.026,38.734
WAAZ,2075,Mercato,,MSAN-0646F2_BB.ZTE.Atlas_Clinic_Sebategna.WAAZ.AA,9.026,38.734
WAAZ,2075,Mercato,,MSAN-0678_BB.ZTE.Below_Sebategna_Hotel_Sebategna.WAAZ.AA,9.026,38.732
EAAZ,5940,Ayat,,OLT-112149.HW.Mini_OLT.EAAZ.AA,9.02575,38.885113
EAAZ,5940,Ayat,,MSAG-2503_DG.ZTE.Zone_1_Road_12_Ayat.EAAZ.AA,9.02504041,38.878625
EAAZ,5940,bole arabsa,,MSAN-2506_DGC.ZTE.South_Ayat_Square_Ayat.EAAZ.AA,9.02504041,38.878625
NAAZ-2,2048,Kazanchis,,MSAG-0439_DG.ZTE.Near_Lice_School.Tewodros_Square.NAAZ-2.AA,9.025,38.752
NAAZ-2,2048,Kazanchis,,MSAN-0439_DG.ZTE.Near_Lice_School.Tewodros_Square.NAAZ-2.AA,9.025,38.752
EAAZ,5940,Ayat,,MSAG-2508_BB.ZTE.Infront_Zone_8_Road_11_Ayat.EAAZ.AA,9.02500237,38.87853795
WAAZ,2075,Mercato,,MSAG-0625_DG.ZTE.A/ketema-625.WAAZ.AA,9.025,38.721
WAAZ,2075,Mercato,,MSAG-0684_DG.ZTE.Below_Amanuel_Total_Amanuel.WAAZ.AA,9.025,38.721
NAAZ,2098,SholaGebeya,,Mini-OLT-Megenagna-Shola-Market-111113.NAAZ,9.025,38.795
NAAZ,2091,Koteba,,Mini-OLT-Altad_Michael.ZTE.C650.Altad_Michael.NAAZ.AA,9.024,38.844
NAAZ-2,2048,Kazanchis,,MSAG-0742_DG.ZTE.Infront_Edna_Addis_Hotel.Aware.NAAZ-2.AA,9.024,38.777
SWAAZ,1987,Betel,,Nokia_OLT_Anfo_Weybla_Mariam,9.024211028,38.68841083
NAAZ-2,182,Legehar,,112118-Mini-OLT.ZTE.Gola-Micheal.NAAZ-2.AA,9.024,38.749
NAAZ-2,182,Legehar,,111104_Mini-OLT-C620-ZTE-Gola-Michale-NAAZ-2-A.A,9.024,38.749
WAAZ,2075,Mercato,,MSAG-0674_DG.ZTE.Near_Metebaber_School_Abinet.WAAZ.AA,9.024,38.73
NAAZ-2,2048,Kazanchis,,112140-Mini-OLT-Edna_Addis_Hote.ZTE.C650.NAAZ-2.AA,9.024,38.776
NAAZ,2087,Gurde-Shola,,MSAG-0306_DG.ZTE.Near_Lamberet_Bus_Station_GurdShola.NAAZ.AA,9.024,38.819
NAAZ,2087,Gurde-Shola,,MSAN-0306_DG.ZTE.Near_Lamberet_Bus_Station_GurdShola.NAAZ.AA,9.024,38.819
NAAZ,2087,Gurde-Shola,,MSAG-0307_DG.ZTE.Gurd_Sholla_Exchange_Gurd_Shola.NAAZ.AA,9.023,38.821
NAAZ,2087,Gurde-Shola,,MSAN-0307_DG.ZTE.Gurd_Sholla_Exchange_Gurd_Shola.NAAZ.AA,9.023,38.821
EAAZ,2090,Gereji,,OLT-111089.HW..OLT_Gerji_GERJTEL.EAAZ.AA,9.023292,38.85351
NAAZ,2087,Gurde-Shola,,MSAG-0329.ZTE.Near_Lamberet_NOC_Station_Gurd_Shola.NAAZ.AA,9.023,38.815
WAAZ,2075,Mercato,,MSAG-0644_DG.ZTE.DH_Geda_Sefer_Amanuel.WAAZ.AA,9.023,38.726
WAAZ,2075,Mercato,,MSAG-0651_DGC.ZTE.Near_Gibe_BLDG_Abinet.WAAZ.AA,9.023,38.733
NAAZ,2091,Koteba,,MSAG-1606_DGC.ZTE.Ayma_Hotel_Entrance_Summit.NAAZ.AA,9.023,38.842
NAAZ-2,2049,Olympia,,MSAG-7157.ZTE.Inside_Tommy_Tower_BLDG.Flamingo.NAAZ-2.AA,9.023,38.749
NAAZ,2087,Gurde-Shola,,MSAG-0864.ZTE.Inside_Signal_Condominium_Balderas.NAAZ.AA,9.023,38.784
NAAZ,2098,SholaGebeya,,OLT-111083.HW.Mini_OLT_TopView.NAAZ.AA,9.023,38.803
NAAZ,2098,SholaGebeya,,111083-Yeka_Sub city Mini-DSLAM_NAAZ.AA,9.023,38.800
EAAZ,5941,Summit,,MSAN-1619_BB.HW.CMC_Yetebaberut_Fuel_Station_Sumit.EAAZ.AA,9.0225945,38.856045
NAAZ,2087,Gurde-Shola,,111098_MDU_CMC_Economic_Association_MSAN_310.HW.NAAZ.AA,9.023,38.839
NAAZ,2098,SholaGebeya,,MSAN-0828_BB.HW.Near_CBE_Baldras_Branch_Sholla.NAAZ.AA,9.022,38.786
EAAZ,5940,Ayat,,111165-Mini-OLT.ZTE.Ayat-Train-Station.EAAZ,9.022221,38.873911
NAAZ-2,2048,Kazanchis,,MSAG-0713_DG.ZTE.Infront_Sheraton_Mosque.Filwoha.NAAZ-2.AA,9.022,38.760
NAAZ,2087,Gurde-Shola,,MSAN-0310_DGC.ZTE.Near_Civil_Service_College_Summit.NAAZ.AA,9.022,38.833
NAAZ,2098,SholaGebeya,,MSAG-0876_BB.ZTE.Magenagna_Mesgid_Condominium_Sholla.NAAZ.AA,9.022,38.791
WAAZ,186,Addis Ketema,,111041-OLT-Abinet_Square.ZTE.C620.Addis_Ketema.WAAZ.AA,9.022,38.73
WAAZ,186,Addis Ketema,,MSAN-0679_BB.ZTE.Infront_Mola_Maru.Abinet.WAAZ.AA,9.022,38.736
NAAZ-2,2048,Kazanchis,,MSAN-728F1.HW.Near_Meles_Foundation.Aware.NAAZ-2.AA,9.022,38.774
NAAZ-2,2048,Kazanchis,,MSAN-728F2.HW.Near_Meles_Foundation.Aware.NAAZ-2.AA,9.022,38.774
EAAZ,5940,Ayat,,MSAG-2505_BB.ZTE.Zone_Noth_Aya8_Road_11_Ayat.EAAZ.AA,9.021687,38.87785
EAAZ,5940,Ayat,,MSAG-2501_DG.ZTE.West_Ayat_Square_Ayat.EAAZ.AA,9.02158219,38.87247887
EAAZ,5940,Ayat,,MSAN-2502_BB.ZTE.Tesfu_Cinema_Ayat.EAAZ.AA,9.02158219,38.87247887
NAAZ,2091,Koteba,,MSAG-1616_BB.ZTE.Infront_Of_CMC_Residence_Summit.NAAZ.AA,9.022,38.847
NAAZ-2,2048,Kazanchis,,112124-Mini-OLT-Yeka_sub_City_Office.ZTE.620.Yeka.NAAZ-2.AA,9.021,38.776
NAAZ,2098,SholaGebeya,,MSAN-0822_BB.HW.Tesfa_Berhan_School_Sholla.NAAZ.AA,9.021,38.795
NAAZ,2087,Gurde-Shola,,111098.Mini-OLT.ZTE-ELPA-Warehouse.NAAZ,9.021,38.826
EAAZ,5938,BoleGurdShola,,MDU-0006.HW.Esayas_Mebratu_General_Importer_Gurd_Shola.EAAZ.AA,9.021395,38.8331023
NAAZ,2087,Gurde-Shola,,111098-MSAN-340.ZTE..NAAZ.AA,9.021,38.826
NAAZ,2098,SholaGebeya,,MSAN-0856_BB.HW.Sholla_Gebeya_Sholla.NAAZ.AA,9.021,38.795
EAAZ,5938,BoleGurdShola,,MSAN-0312_DG.ZTE.Infront_Of_CMC_Mikael_GurdShola.EAAZ.AA,9.02124,38.83941
EAAZ,5940,Ayat,,MSAG-2506_DGC.ZTE.South_Ayat_Square_Ayat.EAAZ.AA,9.02121318,38.87683067
EAAZ,5940,bole arabsa,,MSAN-2507_BB.ZTE.Zone_3_Ayat.EAAZ.AA,9.02121318,38.87683067
NAAZ,2098,SholaGebeya,,MSAG-0810_BB.ZTE.Towards_Dnberua_Hosptal_22_Mazoriya.NAAZ.AA,9.021,38.789
NAAZ,2098,SholaGebeya,,MSAN-0810_BB.ZTE.Towards_Dnberua_Hosptal_22_Mazoriya.NAAZ.AA,9.021,38.789
NAAZ,2098,SholaGebeya,,MSAN-0861_BB.HW.Signal_Condominium.Balderas.NAAZ.AA,9.021,38.786
EAAZ,5938,BoleGurdShola,,MSAG-0316_DG.ZTE.Back_Safeway_Super_Market_GurdShola.EAAZ.AA,9.02095481,38.833777
EAAZ,5938,BoleGurdShola,,MSAN-323_DG.ZTE.Infront_Of_Gerji_EEPCO_GurdShola.EAAZ.AA,9.02095481,38.833777
NAAZ,180,Sidistkillo,,MSAN-0421_DGC.ZTE.Infront_Universal_College_Aratkilo.NAAZ.AA,9.021,38.805
NAAZ,2087,Gurde-Shola,,MSAG-0326_DGC.ZTE.Near_To_Israel_Embassy_Gurd_Shola.NAAZ.AA,9.021,38.805
NAAZ,2087,Gurde-Shola,,MSAN-0326_DGC.ZTE.Near_To_Israel_Embassy_Gurd_Shola.NAAZ.AA,9.021,38.805
NAAZ-2,2048,Kazanchis,,MSAN-0740_DG.ZTE.Near_Norwegian_School.Aware.NAAZ-2.AA,9.021,38.773
SWAAZ,1986,Betel,,MSAG-1221_DGC.ZTE.Fetino_Police_Road_Kolfe.SWAAZ.AA,9.0209,38.71356
EAAZ,5940,Ayat,,MSAN-2501_DG.ZTE.West_Ayat_Square_Ayat.EAAZ.AA,9.020803075,38.87452833
SWAAZ,,Anfo Meda,,112235_NOKIA_MSAN-1__ANFO_ADEBABAY.SWAAZ,9.020787,38.67332
NAAZ,2098,SholaGebeya,,OLT-113044.HW.Mini_OLT_Signal_Adwa_School.NAAZ.AA,9.021,38.784
NAAZ,2098,SholaGebeya,,111065-Mini-OLT-Dinbera_Hospital.ZTE.C620.NAAZ.AA,9.021,38.789
NAAZ-2,2048,Kazanchis,,MSAN-7148_DGC.HW.Inside_Sheraton_Hotel_BLDG.Filwoha.NAAZ-2.AA,9.020,38.760
EAAZ,5941,Summit,,MSAN-1620_BB.HW.Left_CMC_To_Sumit_Square_500M_Sumit.EAAZ.AA,9.0203696,38.853499
EAAZ,5941,Summit,,MSAG-1614_DGC.ZTE.Meri_Taxi_Station_Summit.EAAZ.AA,9.020338779,38.8556962
EAAZ,5941,Summit,,MSAN-1614_DGC.ZTE.Meri_Taxi_Station_Summit.EAAZ.AA,9.020338779,38.8556962
EAAZ,5941,Summit,,MSAG-0311_DGC.ZTE.Meri_Police_Station_Gurd_Shola.EAAZ.AA,9.02015,38.840903
EAAZ,5941,Summit,,MSAN-311.DGC.ZTE.Meri_Police_Station_Gurd_Shola.EAAZ.AA,9.02015,38.840903
EAAZ,5938,BoleGurdShola,,MSAN-316_DG.ZTE.Back_Safeway_Super_Market_GurdShola.EAAZ.AA,9.02015,38.840903
EAAZ,5938,BoleGurdShola,,MSAN-0330_DGC.ZTE.Near_ILRI_Entrance_GurdShola.EAAZ.AA,9.02013083,38.80875433
NAAZ,2098,SholaGebeya,,MSAN-0877_DG.ZTE.Infront_Metebabar_BLDG_Yeka.NAAZ.AA,9.020,38.801
EAAZ,5941,Summit,,MSAG-1613_BB.ZTE.Inside_CMC_Residence_Summit.EAAZ.AA,9.02003,38.85133
EAAZ,5941,Summit,,MSAN-1615F1_BB.HW.Meri_School_of_Tomorrow_Sumit.EAAZ.AA,9.02003,38.85133
EAAZ,5940,Ayat,,MSAN-0893.HW.Ayat_Mekedonia.EAAZ.AA,9.020022,38.891623
NAAZ-2,182,Legehar,,MSAG-0703_DGC.ZTE.Inside_ERA_BLDG.Mexico.NAAZ-2.AA,9.020,38.756
NAAZ,2087,Gurde-Shola,,OLT-111082-HW_Gurgshola-tele_Mini_OLT.NAAZ,9.01967,38.81958
EAAZ,5938,BoleGurdShola,,MSAN-0328_BB.ZTE.Near_Mineral_Ministry_GurdShola.EAAZ.AA,9.019664002,38.81199467
NAAZ-2,182,Legehar,,MSAG-0797_DG.ZTE.Inside_Post_Office_BLDG.Filwoha.NAAZ-2.AA,9.020,38.753
EAAZ,5940,Ayat,,MSAG-2502_BB.ZTE.Tesfu_Cinema_Ayat.EAAZ.AA,9.01959279,38.87156663
EAAZ,5940,Ayat,,MSAN-2503_DG.ZTE.Zone_1_Road_12_Ayat.EAAZ.AA,9.01959279,38.87156663
NAAZ,2087,Gurde-Shola,,OLT-111082.HW.OLT_Yeka_GRDTEL.NAAZ.AA,9.020,38.820
EAAZ,5938,BoleGurdShola,,MSAN-0331_DG.ZTE.CBE_Sport_Club_GurdShola.EAAZ.AA,9.01938,38.81691
SWAAZ,1986,Betel,,MSAG-1222_DG.ZTE.Near_Holand_Embassy_Kolfe.SWAAZ.AA,9.019368938,38.7156475
NAAZ-2,182,Legehar,,MSAG-0448_BB.ZTE.Near_Tekle_Haymanot_Hospital.Somale_Tera.NAAZ-2.AA,9.019,38.733
WAAZ,186,Addis Ketema,,111040-MINI-OLT-Geja_Sefer.HW.Near_Grar_Hotel.Lideta.WAAZ.AA,9.019,38.74
WAAZ,186,Addis Ketema,,MSAG-0760_DG.ZTE.Near_Geja_Sefer_Tirar_Hotel.Lideta.WAAZ.AA,9.019,38.74
WAAZ,2075,Mercato,,MSAN-0623_BB.ZTE.Right_Side_Abinet_Square_Abinet.WAAZ.AA,9.019,38.732
NAAZ-2,182,Legehar,,MSAG-0799_DG.ZTE.Inside_Black_Lion_Hospital.Black_Lion.NAAZ-2.AA,9.019,38.749
NAAZ-2,182,Legehar,,MSAN-0799_DG.ZTE.Inside_Black_Lion_Hospital.Black_Lion.NAAZ-2.AA,9.019,38.749
NAAZ-2,2048,Kazanchis,,MSAN-7158_DGC.HW.Inside_Zewditu_Hospital_BLDG.Filwoha.NAAZ-2.AA,9.019,38.756
NAAZ-2,2048,Kazanchis,,111401-DSLAM-Andnet_Park_9806H.ZTE.Arat_Kilo.NAAZ-2.AA,9.019,38.768
NAAZ,2098,SholaGebeya,,MSAN-0891_BB.HW.Behind_Lexplaza_BLDG_Weha_Lemmat.NAAZ.AA,9.019,38.776
EAAZ,189,Bole Medhanealem,,MDU-0016.HW.Inside_Tirunesh_BLDG_Bole.EAAZ.AA,9.0189066,38.8002548
SWAAZ,178,Karl,,MSAN-1047_BB.HW.Near_Hymen_BLDG_Keraniyo.SWAAZ.AA,9.01884,38.70887
NAAZ-2,182,Legehar,,MSAG-0786_DGC.ZTE.Beside_Papasinos_BLDG.Ambassador.NAAZ-2.AA,9.019,38.753
SWAAZ,1987,Betel,,MSAN-1058_BB.HW.Around_Wereda_8_Keraniyo.SWAAZ.AA,9.01878,38.69665
NAAZ,2098,SholaGebeya,,MSAN-0811_BB.HW.Commet_BLDG_22_Mazoriya.NAAZ.AA,9.019,38.796
EAAZ,2089,Bole Michael,,MDU_Airlines.HW..Residence.EAAZ,9.0186,38.83398
EAAZ,5941,Summit,,MSAG-0314_DG.ZTE.Airlines_Residents_Gate_Gurd_Shola.EAAZ.AA,9.0186,38.83398
EAAZ,5938,BoleGurdShola,,MSAG-0325_DGC.ZTE.Near_CBE_Gurd_Shola_Branch_G/Shola.EAAZ.AA,9.01859,38.82107
NAAZ-2,182,Legehar,,OLT-Microwave_BLDG.ZTE.C300v2.Black_Lion.NAAZ-2.AA,9.019,38.747
NAAZ-2,182,Legehar,,MSAN-7130.ZTE.Beside_Yilma_Bedlu_BLDG.Beherawi.NAAZ-2.AA,9.018,38.752
EAAZ,189,Bole Medhanealem,,MSAN-0818_BB.HW.Midir_Mizan_Megenagna.EAAZ.AA,9.01826,38.798308
NAAZ,2098,SholaGebeya,,Mini_DSLAM-Megenagna_3M.ZTE.Blg-849.NAAZ.AA,9.01826,38.79613
EAAZ,5938,BoleGurdShola,,111629-Mini-OLT-ZTE.Altad-Mesque.EAAZ,9.01823161,38.83944748
NAAZ-2,182,Legehar,,111051-DSLAM-NIB_International_Bank_HQ_9806H.ZTE.Mexico.NAAZ-2.AA,9.018,38.747
NAAZ-2,2048,Kazanchis,,MSAN-7149_DGC.HW.Inside_National_Palace_BLDG.Filwoha.NAAZ-2.AA,9.018,38.760
NAAZ,2098,SholaGebeya,,MSAN-0849_DGC.ZTE.100M_Right_To_Sholla_Lem_Hotel.NAAZ.AA,9.018,38.796
NAAZ-2,182,Legehar,,MSAG-0787_DGC.ZTE.Inside_Defence_Compound.Ambassador.NAAZ-2.AA,9.018,38.754
EAAZ,5941,Summit,,OLT-111720.HW.Mini_OLT-_Airlines_Resident.EAAZ.AA,9.018092,38.834031
EAAZ,5940,Ayat,,MSAG-2507_BB.ZTE.Zone_3_Ayat.EAAZ.AA,9.01808387,38.87490663
EAAZ,5940,Ayat,,MSAN-2508_BB.ZTE.Infront_Zone_8_Road_11_Ayat.EAAZ.AA,9.01808387,38.87490663
NAAZ-2,2048,Kazanchis,,MSAN-7150_DGC.HW.Inside_Hilton_Hotel_BLDG.Filwoha.NAAZ-2.AA,9.018,38.765
WAAZ,2075,Mercato,,MSAN-0681_BB.ZTE.Near_Tekalign_Hotel_Abinet.WAAZ.AA,9.018,38.732
SWAAZ,1987,Betel,,MSAN-1059_BB.HW.100M_North_Keraniyo_Square_Keraniyo.SWAAZ.AA,9.01792,38.70246
EAAZ,5940,bole arabsa,,MSAG-2512_DG.ZTE.Inside_Ayat_1_Condominium_Ayat.EAAZ.AA,9.017782654,38.89487662
EAAZ,5940,bole arabsa,,MSAG-2516_BB.ZTE.Road_8_Near_Ayat_1_Condominium_Ayat.EAAZ.AA,9.017782654,38.89494223
NAAZ-2,2048,Kazanchis,,MSAN-7151_DGC.HW.Inside_Foreign_Affair_BLDG_Filwoha.NAAZ-2.AA,9.018,38.762
EAAZ,6044,bole arabsa,,Nokia_OLT_112200_FX-4_Haile_Realstate.EAAZ.AA,9.017633,38.881169
NAAZ-2,182,Legehar,,MSAN-7154_DGC.HW.Inside_CBE_HQ_BLDG.Leghar.NAAZ-2.AA,9.018,38.752
NAAZ-2,182,Legehar,,MSAN-7156_DGC.HW.Inside_CBE_A/A_Branch_BLDG.Beherawi.NAAZ-2.AA,9.018,38.752
SWAAZ,178,Karl,,MSAN-1023_DG.ZTE.Keraniyo_Square_Keraniyo.SWAAZ.AA,9.01743,38.70222
SWAAZ,2047,Lideta,,MSAG-0781_DGC.ZTE.Inside_Alsam_BLDG_Mexico.SWAAZ.AA,9.017423,38.748911
NAAZ-2,182,Legehar,,MSAN-0711.ZTE.Near_D_Afrique _Hotel_BLDG.Mexico.NAAZ-2.AA,9.017,38.776
NAAZ-2,182,Legehar,,111411-Miniolt-OLT.ZTE.Filwuha.NAAZ-2.AA,9.017,38.757
NAAZ-2,2048,Kazanchis,,MSAG-0737_DG.ZTE.Infront_Urael_Church.Urael.NAAZ-2.AA,9.017,38.774
NAAZ-2,2048,Kazanchis,,MSAN-0737_DG.ZTE.Infront_Urael_Church.Urael.NAAZ-2.AA,9.017,38.774
NAAZ,2098,SholaGebeya,,MSAN-0860_DG.ZTE.Behind_Trafic_Office22_Mazoriya.NAAZ.AA,9.017,38.787
NAAZ-2,182,Legehar,,MSAN-7133_DGC.ZTE.Inside_National_Bank_BLDG.Beherawi.NAAZ-2.AA,9.017,38.750
EAAZ,6044,bole arabsa,,111407-Ayat-Tsbel-2-Mini-OLT-MA5800-X2.HW-EAAZ,9.01707,38.89541
EAAZ,189,Bole Medhanealem,,OLT-111085.ZTE.Mini_OLT_megenagn_zefimesh.EAAZ,9.017046,38.80679
EAAZ,189,Bole Medhanealem,,MSAN-0816_BB.HW.Infront_Panorama_Hotel_Lem_Hotel.EAAZ.AA,9.01703,38.7967
WAAZ,2061,Kolfe,,MSAN-1060_BB.HW.Kidane_BLDG_Torhailoch.WAAZ.AA,9.017,38.719
WAAZ,2075,Mercato,,MSAG-0682_DG.ZTE.Keftegna_4_Technical_School_Abinet.WAAZ.AA,9.016980162,38.72887432
NAAZ-2,2048,Kazanchis,,MSAN-7153_DGC.HW.Inside_AID_Bank_BLDG.Kazanchis.NAAZ-2.AA,9.017,38.767
SWAAZ,178,Karl,,MSAN-1020_BB.HW.Cameron_Embassy_Sarbet.SWAAZ.AA,9.01678,38.71481
EAAZ,5938,BoleGurdShola,,MSAG-0331_DG.ZTE.CBE_Sport_Club_GurdShola.EAAZ.AA,9.016777,38.838971
EAAZ,5938,BoleGurdShola,,MSAN-0332_DG.ZTE.Infront_Of_CMC_Michael_400M_CMC.EAAZ.AA,9.016777,38.838971
EAAZ,5941,Summit,,MSAN-1625_DG.ZTE.Behind_Soft_Drink_Factory_Summit.EAAZ.AA,9.0167243,38.855173
NAAZ,2098,SholaGebeya,,NOKIA_MSAN_111065.NAAZ,9.017,38.790
NAAZ,2098,SholaGebeya,,111065-MDU-9806V.ZTE.HM_BLDG.22_Mazoriya.NAAZ.AA,9.01664,38.78894
NAAZ,2098,SholaGebeya,,MSAN-0848_BB.HW.Near_Duty_Free_Shop_22_Mazoriya.NAAZ.AA,9.017,38.790
NAAZ-2,2048,Kazanchis,,MSAG-7102_DGC.ZTE.Behind_Hilton_Hotel.Kazanchis.NAAZ-2.AA,9.017,38.766
NAAZ-2,2048,Kazanchis,,MSAN-7102_DGC.ZTE.Behind_Hilton_Hotel.Kazanchis.NAAZ-2.AA,9.017,38.766
NAAZ-2,2048,Kazanchis,,MSAN-0727_DGC.ZTE.Near_CBE_Bole_Branch.Olompia.NAAZ-2.AA,9.017,38.765
EAAZ,5941,Summit,,MSAG-0342.ZTE.Summit_Condominium_Summit.EAAZ.AA,9.01657,38.82706
NAAZ-2,2048,Kazanchis,,MSAG-7105_DGC.ZTE.Beside_Radison_Blu_Hotel.Kazanchs.NAAZ-2.AA,9.016,38.768
WAAZ,2019,Arada,,MSAN-477_BB.ZTE.Infront_Hiwot_Hotel_Semen_Hotel.WAAZ.AA,9.016428735,38.74415434
NAAZ-2,2048,Kazanchis,,MSAG-0716_DGC.ZTE.Beside_Serbia_Embassy.Kazanchis.NAAZ-2.AA,9.016,38.768
NAAZ-2,2048,Kazanchis,,MSAG-7103_DGC.ZTE.Inside_Tradepath_BLDG.Urael.NAAZ-2.AA,9.016,38.768
NAAZ-2,2049,Olympia,,MSAG-7159_DGC.ZTE.Inside_Garad_BLDG.Olompia.NAAZ-2.AA,9.016,38.745
EAAZ,189,Bole Medhanealem,,MSAN-0812_DG.ZTE.Infront_Dutyfree_Shop_22_Mazoriya.EAAZ.AA,9.01627,38.79047
EAAZ,2089,Bole Michael,,MSAN-0813_DG.ZTE.BoleHomes_Airport.EAAZ.AA,9.01627,38.79047
NAAZ-2,182,Legehar,,112108-MDU-Tsedey_Bank.ZTE.NAAZ-2.AA,9.016,38.748
EAAZ,5941,Summit,,113379-Mini-OLT.ZTE.Yetebaberut.EAAZ,9.016161,38.853416
WAAZ,2066,burayu,,MSAG-0753_DG.ZTE.Infront_Mekane_Eyesus.Mexico.WAAZ.AA,9.016,38.742
EAAZ,189,Bole Medhanealem,,MSAG-0881_DGC.ZTE.Near_24_Water_Sewerage_Megenagna.EAAZ.AA,9.015907,38.79929
EAAZ,189,Bole Medhanealem,,MSAN-0883_BB.HW.Near_Bole_Mini_BLDG_Bole.EAAZ.AA,9.015907,38.79929
EAAZ,5938,BoleGurdShola,,MSAG-0332_DG.ZTE.Infront_Of_CMC_Michael_400M_CMC.EAAZ.AA,9.015887,38.838993
EAAZ,5938,BoleGurdShola,,MSAN-0333_BB.ZTE.EAAZ.AA.Infront_Of_CMC_Michael_500M_CMC.EAAZ.AA,9.015887,38.838993
NAAZ-2,182,Legehar,,NOKIA_MDU_0102103_CAAZ_NILE,9.016,38.751
SWAAZ,1986,Keraniyo,,MSAG-1708_DG.ZTE.Infront_BTS_Zeneb_Work.SWAAZ,9.01559,38.70712
SWAAZ,1986,Keraniyo,,MSAN-1708_DG.ZTE.Infront_BTS_Zeneb_Work.SWAAZ.AA,9.01559,38.70712
NAAZ-2,2049,Olympia,,MSAG-0745_DGC.ZTE.Beside_Dashen_Bank_HQ.Beherawi.NAAZ-2.AA,9.016,38.749
EAAZ,5963,Atlas,,MSAN-0814_DGC.HW.Inside_Gollagul_BLDG_22_Mazoriya.EAAZ.AA,9.015423,38.787252
NAAZ-2,182,Legehar,,MSAN-7116.HW.Beside_Tekelu_Desta_BLDG.Beherawi.NAAZ-2.AA,9.015,38.754
NAAZ-2,182,Legehar,,NOKIA_MSAN_SENGATERA-CAAZ_1,9.015,38.748
NAAZ-2,182,Legehar,,MSAN-7132_DGC.ZTE.Inside_Public_Health_Minister_BLDG.Senga_Tera.NAAZ-2.AA,9.015,38.741
NAAZ-2,2048,Kazanchis,,MSAG-7106_DGC.ZTE.Behind_Intercontnetal_Hotel.Kazanchs.NAAZ-2.AA,9.015,38.769
EAAZ,5940,Ayat,,MSAG-2509_BB.ZTE.Infront_Total_Station.Ayat_EAAZ.AA,9.0153,38.87922
EAAZ,5941,bole arabsa,,MDU-Lemi-Kura.HW.Subcity.EAAZ.AA,9.0151,38.876
NAAZ-2,182,Legehar,,MSAG-0782_DGC.ZTE.Ministry_Of_Culture_BLDG.Blak_Lion.NAAZ-2.AA,9.015,38.751
NAAZ-2,182,Legehar,,MSAG-0784_DGC.ZTE.Inside_Awash_Bank_HQ_BLDG.Beherawi.NAAZ-2.AA,9.015,38.751
NAAZ-2,182,Legehar,,MSAN-0784_DGC.ZTE.Inside_Awash_Bank_HQ_BLDG.Beherawi.NAAZ-2.AA,9.015,38.751
EAAZ,5941,Summit,,MSAG-1625_DG.ZTE.Behind_Soft_Drink_Factory_Summit.EAAZ.AA,9.01504045,38.85682144
EAAZ,189,Bole Medhanealem,,MDU-0027A.HW.Inside_Federal_BLDG_Resident1_Megenagna.EAAZ.AA,9.015024,38.802852
EAAZ,189,Bole Medhanealem,,MDU-0027B.HW.Inside_Federal_BLDG_Resident2_Megenagna.EAAZ.AA,9.015024,38.802852
WAAZ,2061,Kolfe,,MSAG-1012_BB.ZTE.Omendla_Sport_Club_Torhailoch.WAAZ.AA,9.015,38.72
WAAZ,2061,Kolfe,,MSAN-1012_BB.ZTE.Omendla_Sport_Club_Torhailoch.WAAZ.AA,9.015,38.72
SWAAZ,1986,Lideta,,MSAG-0756_DG.ZTE.Near_Dama_House.Lideta.SWAAZ.AA,9.014812885,38.73822464
NAAZ-2,2049,Olympia,,MSAG-0793_DGC.ZTE.Near_Dembel_BLDG_Right_Side.Olompia.NAAZ-2.AA,9.015,38.757
NAAZ-2,182,Legehar,,MSAN-7138_DGC.HW.Inside_Red_Cross_BLDG.Stadium.NAAZ-2.AA,9.015,38.756
NAAZ,2098,SholaGebeya,,DSLAM-LexPlazza_Lion_Bank_9806H.ZTE.22_Mazoriya.NAAZ.AA,9.01477,38.78213
EAAZ,5938,BoleGurdShola,,MSAG-0339_DG.ZTE.150M_Catholic_Mission_Gurd_Shola.EAAZ.AA,9.0146266,38.82340878
EAAZ,5963,Atlas,,MSAN-0801_BB.HW.Near_ANAT_BLDG_Bole.EAAZ.AA,9.0146266,38.82340878
NAAZ-2,182,Legehar,,MSAG-0798_DGC.ZTE.Infront_Police_Forensic.Black_Lion.NAAZ-2.AA,9.015,38.781
NAAZ-2,2048,Kazanchis,,MSAG-0815.ZTE.Inside_Seed_Enterprise_Weha_Lemmat.NAAZ-2.AA,9.015,38.781
NAAZ-2,2048,Kazanchis,,MSAN-0815.ZTE.Inside_Seed_Enterprise_Weha_Lemmat.NAAZ-2.AA,9.015,38.781
NAAZ-2,182,Legehar,,MSAG-7175.ZTE.Zemen_Bank_HQ.Beherawi.NAAZ-2.AA,9.015,38.750
NAAZ-2,2048,Kazanchis,,MSAN-7152_DGC.HW.Inside_ECA_BLDG.Kazanchis.NAAZ-2.AA,9.014,38.767
NAAZ-2,182,Legehar,,MSAG-0704_DG.ZTE.Infront_40/60_Condomnum.Senga_Tera.NAAZ-2.AA,9.014,38.747
NAAZ-2,182,Legehar,,MSAN-0704_DG.ZTE.Infront_40/60_Condominum.Senga_Tera.NAAZ-2.AA,9.014,38.747
NAAZ-2,182,Legehar,,MSAG-0795_BB.ZTE.Infront_Red_Cross_HQ.Stadium.NAAZ-2.AA,9.014,38.756
EAAZ,5963,Atlas,,MSAN-0890_BB.HW.Back_IPS_Omedad_BLDG_Weha_Lemmat.EAAZ.AA,9.01432,38.78333
EAAZ,5938,BoleGurdShola,,MSAN-0892.HW.Gurd_Shola_Salte_Mhiret_Kuas_Meda.EAAZ.AA,9.01432,38.78333
NAAZ-2,182,Legehar,,MSAG-0752_DGC.ZTE.Beside_St_Merry_College.Mexico.NAAZ-2.AA,9.014,38.747
NAAZ-2,182,Legehar,,MSAN-0768_DG.ZTE.Infront_Minister_of_Transport.Leghar.NAAZ-2.AA,9.014,38.754
SWAAZ,2047,Lideta,,MSAG-0764_DGC.ZTE.Inside_Tadesse_Tefera_BLDG.Mexico.SWAAZ.AA,9.0140129,38.74442709
WAAZ,186,Addis Ketema,,MSAG-0622_DGC.ZTE.Near_Molla_Maru.Abinet.WAAZ.AA,9.014,38.734
WAAZ,186,Addis Ketema,,MSAG-0633_BB.ZTE.Near_Anebesa_Shoe_Factory_Darmar.Lideta.WAAZ.AA,9.014,38.734
EAAZ,5940,Ayat,,OLT_113052.HW.MA5800x7_Ayat1_Condominium.EAAZ.AA,9.014,38.8924
SWAAZ,178,Sarbet,,MDU-1040.ZTE.Inside_Mechare_Meda_2.Sarbet.SWAAZ.AA,9.013919,38.684871
EAAZ,5974,Goro-Figa,,MSAN-0894.HW.GORO_Square_Bole_Lemmi_Road.EAAZ.AA,9.013845,38.828692
EAAZ,5941,Summit,,Mini-OLT-Fiyel_Bet.HW.Blade.EAAZ.AA,9.01380267,38.862888
EAAZ,5941,Summit,,111102-Mini-Olt.ZTE.Summit-20-Meter.EAAZ,9.013791,38.85693
EAAZ,5938,BoleGurdShola,,MSAG-0322_DGC.ZTE.AMICHE_Near_Court_Office_GurdShola.EAAZ.AA,9.01377,38.8075
EAAZ,5938,BoleGurdShola,,MSAN-0327_DG.ZTE.Kebele_12_13_Recreation_GurdShola.EAAZ.AA,9.01377,38.8075
NAAZ-2,2048,Kazanchis,,MSAG-7107_DGC.ZTE.Near_Nigst_Tawor.Kazanchis.NAAZ-2.AA,9.014,38.770
NAAZ-2,182,Legehar,,MSAN-7121_DGC.ZTE.Inside_Hibret_Bank_HQ.Mexico.NAAZ-2.AA,9.014,38.749
NAAZ-2,182,Legehar,,MSAG-0770_DGC.ZTE.Behind_Catholic_Church.Leghar.NAAZ-2.AA,9.014,38.752
NAAZ-2,182,Legehar,,MSAN-0770_DGC.ZTE.Behind_Catholic_Church.Leghar.NAAZ-2.AA,9.014,38.752
NAAZ-2,182,Legehar,,111058-Mini-DSLAM-Abyssinia_Bank_HQ_9806H.ZTE.Legehar.NAAZ-2.AA,9.014,38.754
NAAZ-2,182,Legehar,,111058-OLT-Filowaha.HW.Inside_Filowaha_Tele.NAAZ-2.AA,9.014,38.754
NAAZ-2,182,Legehar,,MSAN-7129_DGC.ZTE.Inside_Ras_Hotel_BLDG.Beherawi.NAAZ-2.AA,9.014,38.753
EAAZ,5963,Atlas,,MSAN-0826_DGC.HW.Water_Construction_BLDG_Weha_Lemmat.EAAZ.AA,9.013482,38.780793
EAAZ,5963,Atlas,,MDU-0019.HW.Inside_Capital_Hotel_Weha_Lemmat.EAAZ.AA,9.013302479,38.77993614
NAAZ-2,2048,Kazanchis,,MSAN-0723.HW.Near_Enderase_Addis_Hotel.Aware.NAAZ-2.AA,9.013,38.736
NAAZ-2,182,Legehar,,MSAN-7141_DGC.HW.Inside_Nanny_BLDG.Stadium.NAAZ-2.AA,9.013,38.759
EAAZ,5963,Atlas,,MDU-0009.HW.Inside_Bata_BLDG_Around_22_Mazoriya.EAAZ.AA,9.0129766,38.780174
NAAZ-2,2048,Kazanchis,,MSAN-0738_DG.ZTE.Beside_Metebaber_Hotel.Urael.NAAZ-2.AA,9.013,38.774
NAAZ-2,2048,Kazanchis,,MSAN-7112.HW.Infront_Salcost_BLDG.Kazanchis.NAAZ-2.AA,9.013,38.767
NAAZ-2,182,Legehar,,MSAN-7126_MSAN-7126_DGC.ZTE.Inside_Shebele_Hotel_BLDG.Mexico.NAAZ-2.AA,9.013,38.747
SWAAZ,2047,Lideta,,MSAN-7123_DGC.ZTE.Inside_Federal_Police_HQ_BLDG.Mexico.SWAAZ.AA,9.012754,38.746902
NAAZ-2,2053,kirkos,,MSAN-0715.ZTE.Behind_Genet_Hotel.Mexico.NAAZ-2.AA,9.013,38.742
SWAAZ,2047,Lideta,,MSAN-0718.ZTE.Infront_Darmar_Shoe_Factory.Lideta.SWAAZ.AA,9.01275,38.741823
EAAZ,189,Bole Medhanealem,,MDU-0012.HW.Megenagna-POESSA.EAAZ.AA,9.012691,38.788037
EAAZ,189,Bole Medhanealem,,MDU-0012-Megenagna-POESSA.EAAZ.AA,9.012691,38.788037
NAAZ-2,182,Legehar,,MSAG-0702_DGC.ZTE.Beside_Varenero_BLDG.Leghar.NAAZ-2.AA,9.013,38.756
SWAAZ,1986,Lideta,,MSAG-0754_DG.ZTE.Beside_ETMAS.Mexico.SWAAZ.AA,9.01246109,38.74120196
SWAAZ,1986,Lideta,,MSAN-0754_DG.ZTE.Beside_ETMAS.Mexico.SWAAZ.AA,9.01246109,38.74120196
NAAZ-2,2048,Kazanchis,,MSAG-7101_DGC.ZTE.Inside_Maping_Agency_BLDG.Kazanchs.NAAZ-2.AA,9.012,38.774
NAAZ-2,182,Legehar,,MSAN-7124.ZTE.Nile_Insurance_BLDG.Legehar.NAAZ-2.AA,9.012,38.753
SWAAZ,2047,Lideta,,MSAG-0778_DGC.ZTE.Infront_Balcha_Hospital.Lideta.SWAAZ.AA,9.012157212,38.73805949
NAAZ-2,2048,Kazanchis,,111042.Mini-OLT.ZTE.Kazanchis.Gibrina.CAAZ,9.012,38.772
WAAZ,186,Addis Ketema,,MSAG-0762_DG.ZTE.5th_Police_Station_to_Pepsi_450M_Left.Mexico.WAAZ.AA,9.012,38.744
EAAZ,5938,BoleGurdShola,,MSAG-0324_DG.ZTE.Egziabherab_Chruch_GurdShola.EAAZ.AA,9.01198,38.81509
SWAAZ,2047,Lideta,,MSAG-0700_DG.ZTE.Inside_Electric_World_BLDG_Lideta.SWAAZ.AA,9.011945,38.737429
NAAZ-2,182,Legehar,,MSAN-7142_DGC.HW.Inside_Finfine_BLDG.Meskel_Squre.NAAZ-2.AA,9.012,38.762
NAAZ-2,2048,Kazanchis,,MSAN-7135_DG.ZTE.Inside_ET_HQ_BLDG.Post_Office.NAAZ-2.AA,9.012,38.760
SWAAZ,2047,Lideta,,MSAG-0744_DG.ZTE.Near_To_Africa_Clinic_Lideta.SWAAZ.AA,9.0117441,38.7356066
NAAZ-2,182,Legehar,,MSAN-7139_DGC.HW.Inside_Lion_BLDG.Meskel_Squre.NAAZ-2.AA,9.012,38.760
NAAZ-2,2048,Kazanchis,,111139-MINI-OLT-7109.ZTE.Near_Salecost.ZTE.C650.Kazanchis.NAAZ-2.AA,9.012,38.769
SWAAZ,1986,Lideta,,MSAG-0755.ZTE.Infront_Building_College_lideta.SWAAZ.AA,9.01169,38.73157
EAAZ,5963,Atlas,,MDU-0014.HW.Inside_New_Day_BLDG_22_Mazoriya.EAAZ.AA,9.011506024,38.78815454
NAAZ-2,182,Legehar,,MSAG-0796_DGC.ZTE.Near_Finfine_BLDG.Meskel_Square.NAAZ-2.AA,9.011,38.762
NAAZ-2,2048,Kazanchis,,MSAG-7108_DGC.ZTE.Near_Enat_Tawor_BLDG.Kazanchis.NAAZ-2.AA,9.011,38.769
NAAZ-2,2048,Kazanchis,,MSAG-0774_DGC.ZTE.Inside_NISS_Compound.Kazanchis.NAAZ-2.AA,9.011,38.754
NAAZ-2,182,Legehar,,MSAG-0776_BB.ZTE.Behind_Yeha_BLDG.Leghar.NAAZ-2.AA,9.011,38.754
NAAZ-2,182,Legehar,,MSAN-0776_BB.ZTE.Behind_Yeha_BLDG.Leghar.NAAZ-2.AA,9.011,38.754
NAAZ-2,2048,Kazanchis,,Mini-DSLAM-Addis-Intl-Bank-HQ.NAAZ-2,9.011,38.769
SWAAZ,1987,Betel,,111427-Mini_OLT-Teta_Gedel.HW.Betel.SWAAZ.AA,9.01115885,38.7033827
SWAAZ,178,Karl,,MSAN-1018_DG.HW.Ground_Force_Torhailoch.SWAAZ.AA,9.01103,38.72213
WAAZ,2061,Kolfe,,MSAG-1011_BB.ZTE.Torhailoch_Hospital.Torhailoch.WAAZ.AA,9.011,38.718
SWAAZ,1986,Karl,,111187-Mini-olt-Torhailoch_Tolosa_sefer.ZTE.C620.SWAAZ.AA,9.010891,38.727232
EAAZ,5938,BoleGurdShola,,112132.Mini-OLT.ZTE.gurdshola-sefere-genet.EAAZ,9.01087572,38.82615477
SWAAZ,2047,Lideta,,MSAG-0779_DG.ZTE.Infront_Emu_Pension.Lideta.SWAAZ.AA,9.01087,38.7412
EAAZ,5938,BoleGurdShola,,MSAG-0333_BB.ZTE.Infront_Of_CMC_Michael_500M_CMC.EAAZ.AA,9.01063371,38.83622781
EAAZ,5974,Goro-Figa,,MSAN-0336_BB.ZTE.Behind_Yerer_Police_Station_Gerji.EAAZ.AA,9.01063371,38.83622781
SWAAZ,1986,Karl,,MSAG-1010_DGC.ZTE.Inside_West_Wareda_9_Torhailoch.SWAAZ.AA,9.010631,38.718127
SWAAZ,1986,Karl,,MSAN-1010_DGC.ZTE.Inside_WestWareda9_Torhailoch.SWAAZ.AA,9.010631,38.718127
NAAZ-2,2048,Kazanchis,,MSAN-7136_DGC.HW.Inside_Zequala_BLDG.Bambis.NAAZ-2.AA,9.011,38.768
SWAAZ,2047,Lideta,,MSAG-0780_DGC.ZTE.Inside_Philips_BLDG_Mexico.SWAAZ.AA,9.010538048,38.74099995
SWAAZ,2047,Lideta,,MSAN-7155_DGC.ZTE.Inside_Alta_BLDG.Mexico.SWAAZ.AA,9.010533,38.74117
EAAZ,189,Bole Medhanealem,,MSAN-0808_BB.ZTE.Gebreal_Hospital_22_Mazoriya.EAAZ.AA,9.0105,38.78945
EAAZ,2089,Bole Michael,,MSAN-0809_BB.HW.Near_Rwanda_Embassy_Bole_Michael.EAAZ.AA,9.0105,38.78945
NAAZ-2,2048,Kazanchis,,MSAG-0773_DG.ZTE.Behind_Mnistry_of_Justice.Kazanchs.NAAZ-2.AA,9.010,38.771
NAAZ-2,182,Legehar,,MSAN-0712_DGC.ZTE.Near_Debere_Work_BLDG.Mexico.NAAZ-2.AA,9.010,38.748
NAAZ-2,2048,Kazanchis,,MSAG-0790_DGC.ZTE.Near_Bambis_NOC.Bambis.NAAZ-2.AA,9.010,38.768
EAAZ,5963,Atlas,,MDU-0010.HW.Inside_Sabiya_BLDG_Near_Auraris_Hotel.EAAZ.AA,9.010333191,38.78775932
NAAZ-2,2048,Kazanchis,,MSAG-0724_DG.ZTE.Behind_Yordanos_Hotel.Kazanchis.NAAZ-2.AA,9.010,38.770
NAAZ-2,182,Legehar,,MSAG-0788_DGC.ZTE.Near_Ethiopia_Hotel.Beharawi.NAAZ-2.AA,9.010,38.768
EAAZ,5963,Atlas,,MSAG-0750_DG.ZTE.Near_Urael_Church_Right_Side_Urael.EAAZ.AA,9.01022,38.7752
EAAZ,5963,Atlas,,111018-Mini-OLT.HW.Awraris-Hotel.EAAZ,9.010217417,38.78794059
EAAZ,5963,Atlas,,MSAG-0830_DG.ZTE.Near_AwrarisHotel_22_Mazoriya.EAAZ.AA,9.01014,38.78564
EAAZ,5938,BoleGurdShola,,MSAN-0831_BB.ZTE.Near_NyalaMotors_Megenagna.EAAZ.AA,9.01014,38.78564
SWAAZ,2047,Lideta,,MSAG-0708_BB.ZTE.Beside_Tegbared_College.Mexico.SWAAZ.AA,9.010065,38.74767
EAAZ,5941,Summit,,MSAN-1623_BB.HW.Inside_Sunshine_Condominum_Sumit.EAAZ.AA,9.0100622,38.8526282
SWAAZ,178,Karl,,MSAN-1062_BB.HW.Inside_East_Wareda_9_Torhailoch.SWAAZ.AA,9.01002,38.71928
NAAZ-2,182,Legehar,,MSAN-7120_DGC.ZTE.Inside_Federal_Guday_BLDG.Mexico.NAAZ-2.AA,9.010,38.744
NAAZ-2,2048,Kazanchis,,MDU-7162_AB_Zone.HW.Urael.NAAZ-2.AA,9.010,38.775
EAAZ,5963,Atlas,,MSAN-0825_BB.HW.Near_Addis_Hiwot_Hospital_Weha_Lemmat.EAAZ.AA,9.00989,38.78379
SWAAZ,2047,Lideta,,MSAG-0717_DGC.ZTE.Near_AA_Chamber_Of_Comerce.Mexico.SWAAZ.AA,9.009736666,38.74446404
EAAZ,5963,Atlas,,MSAG-0817_DG.ZTE.Near_NB_BLDG_Weha_Lemmat.EAAZ.AA,9.00973,38.7805
EAAZ,5963,Atlas,,MSAN-0817_DG.ZTE.Near_NB_BLDG_Weha_Lemmat.EAAZ.AA,9.00973,38.7805
NAAZ-2,182,Legehar,,111618_OLT_FX-4.Legahar-Gumeruk.Nokia.CAAZ.AA,9.010,38.749
NAAZ-2,182,Legehar,,MSAN-0769_DG.ZTE.Behind_Central_Region_Compound.Leghar.NAAZ-2.AA,9.010,38.772
NAAZ-2,2048,Kazanchis,,MSAN-7111_DG.HW.Behind_De_Leopol_Hotel.Bambis.NAAZ-2.AA,9.010,38.772
SWAAZ,178,Karl,,MSAG-1725.ZTE.Beside_Geresu_Grocery_Weyra_Sefer.SWAAZ.AA,9.00956,38.69226
SWAAZ,1987,Betel,,MSAG-1718_BB.ZTE.Around_Addis_Tesfa_School_Betel.SWAAZ.AA,9.00955,38.69226
EAAZ,5974,Goro-Figa,,OLT-111624-Figa-Behind-CBE-HW-Mini_5800-x7.EAAZ,9.00944,38.83992
EAAZ,5938,BoleGurdShola,,MSAN-0322_DGC.ZTE.AMICHE_Near_Court_Office_GurdShola.EAAZ.AA,9.0094,38.82042
SWAAZ,2120,Torhailoch,,MDU.HW.Ministry_of_Defense_Torhailoch.SWAAZ.AA,9.009347,38.719608
EAAZ,5940,Ayat,,112144-Mini-OLT-HW.Ayat-05.EAAZ,9.00933,38.88345
SWAAZ,2047,Lideta,,MSAG-0714_BB.ZTE.Lideta_Police_Station_Lideta.SWAAZ.AA,9.009303,38.744683
NAAZ-2,2049,Olympia,,MDU-7164.ZTE.Inside_ESEMACO.Meskel_Square.NAAZ-2.AA,9.009,38.764
NAAZ-2,2049,Olympia,,MSAN-7140_DGC.HW.Inside_Sunshine_BLDG.Flamingo.NAAZ-2.AA,9.009,38.765
EAAZ,5941,Summit,,OLT-111726.HW.Mini_OLT_Fiyel_bet.EAAZ.AA,9.009141,38.858229
NAAZ-2,2048,Kazanchis,,MSAG-7104_DGC.ZTE.Inside_Mentewab_BLDG.Bambis.NAAZ-2.AA,9.009,38.771
SWAAZ,178,Karl,,MSAN-1051_BB.HW.Near_Mokonnoch_Club_Torhailoch.SWAAZ.AA,9.0091,38.72872
SWAAZ,1986,Betel,,1112187-Mini-OLT-Bethel_Atletoch_Sefer.ZTE.C620.Bethel.SWAAZ.AA,9.009077,38.680261
EAAZ,5938,BoleGurdShola,,OLT-111088-Ameche-Behind-Totote-HW-5800-x7.EAAZ,9.00901,38.80637
SWAAZ,2047,Lideta,,MSAG-0706_DGC.ZTE.Electric_Utility_Office.Mexico.SWAAZ.AA,9.008896157,38.74677038
NAAZ-2,2049,Olympia,,MINI-OLT-707.ZTE.Near_Sun_Shine_BLDG.ZTE.C620.Flamingo.NAAZ-2.AA,9.009,38.765
NAAZ-2,2049,Olympia,,MSAN-7144_DGC.HW.Oromia_Region_Government_BLDG.Olompia.NAAZ-2.AA,9.009,38.766
EAAZ,5938,BoleGurdShola,,MSAN-0832_DG.ZTE.Behind_DHL_Megenagna.EAAZ.AA,9.00869844,38.80347843
EAAZ,5941,Summit,,NOKIA_OLT_111162_FX-4_Fiyel_Bet.EAAZ.AA,9.008685,38.851731
EAAZ,189,Bole Medhanealem,,MSAN-0811_DG.ZTE.Kebele_24_Taxi_Station_Megenagna.EAAZ.AA,9.00862637,38.79526952
EAAZ,189,Bole Medhanealem,,MSAN-0812_BB.HW_Ministry_of_Agriculthure_Bole.EAAZ.AA,9.00862637,38.79526952
NAAZ-2,2049,Olympia,,MSAG-0743_DG.ZTE.Near_Government_Communication.Flamingo.NAAZ-2.AA,9.009,38.764
NAAZ-2,2049,Olympia,,MSAN-0743_DG.ZTE.Near_Government_Communication.Flamingo.NAAZ-2.AA,9.009,38.764
EAAZ,6044,bole arabsa,,OLT-113051.HW.Mini_OLT_.EAAZ.AA,9.008527,38.897217
NAAZ-2,2049,Olympia,,MSAN-0904_DG.ZTE.Beside_Minstry_Of_Revenu.Kirkos.NAAZ-2.AA,9.008,38.745
SWAAZ,2047,Lideta,,MSAN-7117_DGC.ZTE.Behind_Said_Yasin_BLDG.Mexico.SWAAZ.AA,9.008417,38.74467
SWAAZ,2047,Lideta,,MSAN-7119_DGC.ZTE.Inside_Middel_East_BLDG.Mexico.SWAAZ.AA,9.008417,38.74467
EAAZ,189,Bole Medhanealem,,111074-Mini-OLT.HW.24-kebele.EAAZ,9.00825,38.79327
EAAZ,189,Bole Medhanealem,,MSAG-0874_DG.ZTE.Jema_BLDG_Kebele_24.EAAZ.AA,9.008119,38.796562
EAAZ,5974,Goro-Figa,,MSAG-0320_DG.ZTE.Infront_Giga_Construction_GurdShola.EAAZ.AA,9.0080924,38.82370614
EAAZ,5938,BoleGurdShola,,MSAN-0321_DG.ZTE.Awash_Bank_Jakrose_Branch_GurdShola.EAAZ.AA,9.0080924,38.82370614
EAAZ,5974,Summit,,MSAG-1609_DG.ZTE.200mInfront_Soft_Drink_Factor_Sumit.EAAZ.AA,9.00807,38.85045
EAAZ,5963,Atlas,,111064-OLT-Addis-Alemayehu-School-MA5800-X7.EAAZ,9.008,38.7802
NAAZ-2,2049,Olympia,,MSAG-7146_DGC.ZTE.Inside_Getu_Comercial_BLDG.Olompia.NAAZ-2.AA,9.008,38.765
EAAZ,5938,BoleGurdShola,,MSAN-346.HW.Noah_Real_State.EAAZ.AA,9.00793252,38.81171901
NAAZ-2,2053,Kirkos,,MSAG-0732_DGC.ZTE.Leghar_Gumruk_Condominum.Mexico.NAAZ-2.AA,9.008,38.748
NAAZ-2,2049,Olympia,,MSAN-0729_DG.ZTE.Right_To_Ethio_China_Road.Wello_Sefer.NAAZ-2.AA,9.008,38.748
SWAAZ,2047,Lideta,,111224-MINI-OLT-779.ZTE.Near_Emu_Pension.Lideta.SWAAZ.AA,9.00772,38.733751
NAAZ-2,182,Legehar,,MSAG-0783_DGC.ZTE.Inside_Radio_Fana.Black_Lion.NAAZ-2.AA,9.008,38.743
EAAZ,5941,Summit,,MSAG-1621_DG.ZTE.Left_CMC_To_Sumit_Square_600m.Sumit.EAAZ.AA,9.00762,38.85621
SWAAZ,1986,Keraniyo,,MSAG-1717_DG.ZTE.Behind_Tele_office_Weyra_Sefer.SWAAZ.AA,9.00744,38.7019
EAAZ,5941,Summit,,MSAN-1611_BB.HW.Summit_Taxi_Station_Summit.EAAZ.AA,9.007393345,38.85266771
SWAAZ,1987,Betel,,MSAG-1724_DG.ZTE.Near_Anfo_Police_Station.Keraniyo.SWAAZ.AA,9.00738,38.67234
SWAAZ,1986,Weira Sefer Tele,,OLT-111709-Mini-OLT-Near_Arsema_Church.C620.ZTE.Weyra_Sefer.SWAAZ.AA,9.007326,38.706594
EAAZ,5938,BoleGurdShola,,OLT.HW.Mini_OLT_.Noah-Realstate-Figa.EAAZ.AA,9.00731,38.8355
SWAAZ,178,Bisrate Gebriel,,OLT.OLD_Airport.ZTE.C300v2.Inside_OAP_Data_Center.SWAAZ.AA,9.0072021,38.7027168
SWAAZ,1987,Betel,,MSAG-1722_BB.ZTE.East_Anfo_Square_Keraniyo.SWAAZ.AA,9.00713,38.67632
SWAAZ,1987,Betel,,MSAG-1723_BB.ZTE.West_Anfo_Square_Keraniyo.SWAAZ.AA,9.00713,38.67632
NAAZ-2,2048,Kazanchis,,MSAG-0709_DG.ZTE.Near_Yekatit_Paper_Factory.Flamingo.NAAZ-2.AA,9.007,38.763
SWAAZ,1986,Betel,,MSAG-1720_DG.ZTE.Addis_St_Michael_Church_Betel.SWAAZ.AA,9.00699,38.68425
EAAZ,5963,Atlas,,MSAG-0857_DG.ZTE.From_kebele_24_to_imperial.EAAZ.AA,9.006958,38.797792
EAAZ,189,Bole Medhanealem,,MSAN-0859_BB.ZTE.NearBole_New_Stadium_ImperialHotel.EAAZ.AA,9.006958,38.797792
SWAAZ,1986,Betel,,MSAG-1721_DG.ZTE.Atletoch_Sefer_Betel.SWAAZ.AA,9.006955,38.679947
SWAAZ,1986,Betel,,MSAN-1721_DG.ZTE.Atletoch_Sefer_Betel.SWAAZ.AA,9.006955,38.679947
SWAAZ,2047,Lideta,,MSAN-7118_DGC.ZTE.Inside_Police_Hospital_BLDG.Lideta.SWAAZ.AA,9.00692,38.74257
EAAZ,189,Bole Medhanealem,,111017-Mini-OLT.ZTE.Blue-sky-Hotel.EAAZ,9.0067285,38.79903529
SWAAZ,1986,Keraniyo,,MSAG-1701_DG.ZTE.Infront_Tele_office_Weyra_Sefer.SWAAZ.AA,9.00664,38.70257
NAAZ-2,2049,Olympia,,MSAG-0794_DGC.ZTE.Inside_Investment_Compound.Olompia.NAAZ-2.AA,9.007,38.767
NAAZ-2,2049,Olympia,,MSAN-0794_DGC.ZTE.Inside_Investment_Compound.Olompia.NAAZ-2.AA,9.006,38.767
SWAAZ,2120,Torhailoch,,MSAN-1007_DG.HW.Augusta_Ebrahim_BLDG_Torhailoch.SWAAZ.AA,9.00633,38.71863
SWAAZ,1986,Lideta,,MSAN-0785_BB.ZTE.Infront_METEC.Mexico.SWAAZ.AA,9.006326802,38.74137329
NAAZ-2,182,Legehar,,MSAG-0701.ZTE.Near_Federal_Affairs.Mexico.NAAZ-2.AA,9.006,38.747
NAAZ-2,182,Legehar,,MSAN-0701.ZTE.Near_Federal_Affairs.Mexico.NAAZ-2.AA,9.006,38.747
EAAZ,189,Bole Medhanealem,,MSAN-0845_BB.HW.Infront_Of_Wossen_BLDG_Bole.EAAZ.AA,9.006242,38.789378
SWAAZ,1986,Lideta,,MSAG-0785_BB.ZTE.Infront_Metec_Mexico.SWAAZ.AA,9.006231433,38.74141621
WAAZ,186,Addis Ketema,,MSAG-0660.ZTE.Left_To_Geja_Sefer_Road.Mola_Maru.WAAZ.AA,9.006,38.747
SWAAZ,178,Karl,,MSAG-1016_DG.ZTE.Tolosa_Sefer_Torhailoch.SWAAZ.AA,9.00597,38.73046
SWAAZ,2047,Lideta,,111418-Mini-OLT-METECZTE..C620.Inside_Metec.Mexico.SWAAZ.AA,9.005904,38.740273
SWAAZ,2047,Lideta,,0102101-111418-Mini-OLT-Chamber_Commerce.HW. Mexico.SWAAZ.AA,9.005904,38.740273
EAAZ,5940,Ayat,,OLT-0201037.HW.Mini_OLT_Ayat_49_Mazoria.EAAZ.AA,9.00583,38.8902
EAAZ,5941,Summit,,MSAG-1612_DG.ZTE.Soft_Drink_Near_Tele_BTS_Summit.EAAZ.AA,9.00574,38.84722
SWAAZ,1986,Keraniyo,,MSAG-1702_DG.ZTE.Weyra_Sefer_Weyra_Sefer.SWAAZ.AA,9.005697986,38.70680407
EAAZ,5938,BoleGurdShola,,MSAG-0832_DG.ZTE.Behind_DHL_Megenagna.EAAZ.AA,9.00569193,38.80074285
EAAZ,2089,Bole Michael,,MSAN-0836_BB.HW.Gibson_School_2_Bole_Michael.EAAZ.AA,9.00569193,38.80074285
EAAZ,5963,Atlas,,MDU-0026.HW.Inside_Noah_Real_Estate_BLDG_Atlas.EAAZ.AA,9.005472,38.790052
NAAZ-2,2049,Olympia,,MSAN-0793_DGC.ZTE.Near_Dembel_BLDG_Right_Side.Olompia.NAAZ-2.AA,9.005,38.767
NAAZ-2,2048,Kazanchis,,111137-MINI-OLT-765.ZTE.Near_Abiot_Ermja_School.ZTE.C620.Olompia.NAAZ-2.AA,9.005,38.772
NAAZ-2,2049,Olympia,,MSAN-7145_DGC.HW.Inside_Mega_BLDG.Olompia.NAAZ-2.AA,9.005,38.785
NAAZ-2,182,Legehar,,MSAG-0763_DG.ZTE.5th_to_Pepsi_450M_Right.Mexico.NAAZ-2.AA,9.005,38.772
SWAAZ,1986,Lideta,,MSAG-0777_DG.ZTE.Infront_Temama_BLDG_Mexico.SWAAZ.AA,9.00517039,38.74538586
SWAAZ,1986,Lideta,,MSAN-0777_DG.ZTE.Infront_Temama_BLDG.Mexico.SWAAZ.AA,9.00517039,38.74538586
NAAZ-2,182,Legehar,,MSAG-0775_DGC.ZTE.Inside_Work__Urban_BLDG.Beherawi.NAAZ-2.AA,9.005,38.745
EAAZ,5963,Atlas,,MSAN-0846_BB.HW.Wereda_17_Health_Center_Bole.EAAZ.AA,9.00498,38.78721
EAAZ,5963,Atlas,,MDU-0008.HW.Inside_Betsegah_BLDG_Near_Auraris_Hotel.EAAZ.AA,9.004546,38.77757
NAAZ-2,2049,Olympia,,MSAN-7160F1_DGC.HW.Inside_Dembel_BLDG.Olompia.NAAZ-2.AA,9.005,38.767
NAAZ-2,2049,Olympia,,MSAN-7160F2_DGC.HW.Inside_Dembel_BLDG.Olompia.NAAZ-2.AA,9.005,38.767
SWAAZ,1986,Keraniyo,,MSAG-1713_BB.ZTE.Beside_Total_Station_Betel.SWAAZ.AA,9.0044752,38.68887317
EAAZ,5941,Summit,,MSAN-1613_BB.ZTE.Inside_CMC_Residence_Summit.EAAZ.AA,9.00443,38.84994
NAAZ-2,182,Legehar,,MSAN-0710F1.ZTE.Around_Gola_Michael.Black_Lion.NAAZ-2.AA,9.004,38.749
NAAZ-2,182,Legehar,,MSAN-0710F2.ZTE.Around_Gola_Michael.Black_Lion.NAAZ-2.AA,9.004,38.749
EAAZ,5974,Goro-Figa,,MSAG-0319_DG.ZTE.East_Jakros_Square_Gerji.EAAZ.AA,9.00423245,38.81927325
EAAZ,5974,Goro-Figa,,MSAN-0319_DG.ZTE.East_Jakros_Square_Gerji.EAAZ.AA,9.00423245,38.81927325
EAAZ,5974,Goro-Figa,,MSAN-0320_DG.ZTE.East_Jakros_Square_Gerji.EAAZ.AA,9.00423245,38.81927325
EAAZ,5963,Atlas,,MSAN-0852_BB.HW.Infront_Of_Atlas_Hotel_Atlas.EAAZ.AA,9.00422,38.7801
NAAZ-2,2053,Kirkos,,MSAG-0913_DGC.ZTE.Near_Woreda_10_Admin.Kirkos.NAAZ-2.AA,9.004,38.758
NAAZ-2,2053,kirkos,,MSAN-0913_DGC.ZTE.Near_Woreda_10_Admin.Kirkos.NAAZ-2.AA,9.004,38.758
SWAAZ,2047,Lideta,,111749-MINI-OLT-Productivity_Improvmt.ZTE.Lideta.SWAAZ.AA,9.00408,38.7359
SWAAZ,1986,Keraniyo,,MSAG-1709_DG.ZTE.North_Shoa_Bakery_Betel.SWAAZ.AA,9.004036,38.69713
SWAAZ,1986,Keraniyo,,MSAN-1709_DG.ZTE.North_Shoa_Bakery_Betel.SWAAZ.AA,9.004036,38.69713
WAAZ,186,Addis Ketema,,MSAG-0747_DG.ZTE.Infront_5th_Police_Station.Mexico.WAAZ.AA,9.004,38.769
SWAAZ,1986,Keraniyo,,MSAG-1714.ZTE.Around_Meskelegna_BLDG_Betel.SWAAZ.AA,9.00396756,38.687988
SWAAZ,1986,Keraniyo,,MSAG-1710_DGC.ZTE.South_Shoa_Bakery_Betel.SWAAZ.AA,9.003775,38.697137
SWAAZ,1986,Keraniyo,,MSAN-1710_DGC.ZTE.South_Shoa_Bakery_Betel.SWAAZ.AA,9.003775,38.697137
SWAAZ,1986,Keraniyo,,111169-Mini-OLT-Betel_Kebet_Irbata.HW.MA5800x2.Betel.SWAAZ.AA,9.00375,38.6927
SWAAZ,1986,Keraniyo,,MSAG-1712_BB.ZTE.South_Betel_Hospital_Betel.SWAAZ.AA,9.00375,38.69267
EAAZ,2090,Gereji,,MSAN-0318_BB.ZTE.West_Jakros_Square_Gerji.EAAZ.AA,9.00372593,38.81635982
SWAAZ,1986,Alem Bank,,111558-Mini-OLT-Alpha_School.ZTE.C620.Alem_Bank.SWAAZ.AA,9.003723,38.674447
NAAZ-2,2049,Olympia,,MSAG-0772_BB.ZTE.Near_Purple_Cafe.Olompia.NAAZ-2.AA,9.004,38.768
EAAZ,5963,Atlas,,111397-Mini-OLT.HW.Shalla-Park.EAAZ,9.00368,38.78382
NAAZ-2,2049,Olympia,,MSAN-0772_DGC.ZTE.Near_Purple_Cafe.Olympia.NAAZ-2.AA,9.004,38.768
NAAZ-2,2048,Kazanchis,,MSAG-0720_DGC.ZTE.Right_To_Delux_Furniture.Olompia.NAAZ-2.AA,9.004,38.768
EAAZ,5963,Atlas,,MSAG-806_DG.ZTE.Around_Salfaz_BLDG_Atlas.EAAZ.AA,9.00358,38.77991
EAAZ,5963,Atlas,,MSAN-806_DG.ZTE.Around_Salfaz_BLDG_Atlas.EAAZ.AA,9.00358,38.77991
EAAZ,2089,Bole Michael,,MSAN-836_DGC.ZTE.Near_DH_Geda_Tower_Bole.EAAZ.AA,9.00358,38.77991
SWAAZ,1986,Betel,,MSAG-2024_DG.ZTE.Back_Of_Alpha_School_Alem_Bank.SWAAZ.AA,9.00345,38.6744
EAAZ,2090,Gereji,,113165-Mini-OLT.HW.Gerji-Emperial.EAAZ,9.00336,38.80354
NAAZ-2,2049,Olympia,,111016-OLT-Familyass.HW.MA5800_X7.NAAZ-2.AA,9.003,38.762
SWAAZ,178,Karl,,MSAG-1056_DG.ZTE.Switzerland_Embassy_Golf_Club.SWAAZ.AA,9.00312,38.71821
NAAZ-2,2048,Kazanchis,,MDU-Investment_Office.HW.Olompia.NAAZ-2.AA,9.003,38.769
EAAZ,5963,Atlas,,MSAG-0803_DG.ZTE.Behind_Hi_BLDG_22_Mazoriya.EAAZ.AA,9.00303338,38.78652963
EAAZ,5963,Atlas,,MSAN-0803_DG.ZTE.Behind_Hi_BLDG_22_Mazoriya.EAAZ.AA,9.00303338,38.78652963
EAAZ,2089,Bole Michael,,MSAN-0803_DGC.HW.Inside_Head_Office_BLDG_Airport.EAAZ.AA,9.00303338,38.78652963
EAAZ,5963,Atlas,,MSAN-0802F1_BB.HW.Kebele_17_17_Recreation_Center_Atlas.EAAZ.AA,9.00296,38.78115
EAAZ,5963,Atlas,,MSAN-0802F2_BB.HW.Kebele_17_17_Recreation_Center_Atlas.EAAZ.AA,9.00296,38.78115
NAAZ-2,2053,Kirkos,,MSAG-0733_DG.ZTE.Beside_Shimeles_Habte_School.Mexico.NAAZ-2.AA,9.003,38.748
NAAZ-2,2048,Kazanchis,,MSAG-0730_DG.ZTE.Behind_Development_Bank.Kazanchis.NAAZ-2.AA,9.003,38.748
NAAZ-2,2048,Kazanchis,,MSAN-0730_DG.ZTE.Behind_Development_Bank.Kazanchis.NAAZ-2.AA,9.003,38.748
SWAAZ,178,Karl,,MSAG-1726.ZTE.Weyra_Condominum_Block_25_Weyra_Sefer.SWAAZ.AA,9.00292,38.70937
EAAZ,5941,Summit,,MSAG-1627.ZTE.Left_Of_Soft_Drink_Factory_Summit.EAAZ.AA,9.00284185,38.85391253
SWAAZ,2047,Lideta,,111418-Mini_DSLAM-Amaga-Building_9806H.ZTE.SWAAZ.AA,9.002812,38.745008
EAAZ,5941,Summit,,MSAG-1626_DG.ZTE.Moha_Factory_Police_Station_Summit.EAAZ.AA,9.002745451,38.85355274
EAAZ,5941,Summit,,Nokia_OLT_EAAZ_Pepsi,9.002654,38.848811
NAAZ-2,182,Legehar,,MSAN-0949_DGC.ZTE.Near_Kirkos_Market.Kirkos.NAAZ-2.AA,9.003,38.741
SWAAZ,1986,Keraniyo,,MSAG-1703_DG.ZTE.150M_Left_Mehandis_Sefer_Weyra_Sef.SWAAZ.AA,9.00245,38.70478
NAAZ-2,2049,Olympia,,MSAG-0950_DG.ZTE.Infront_Astra_Hotel.Riche.NAAZ-2.AA,9.002,38.759
NAAZ-2,182,Legehar,,MSAG-0757_DGC.ZTE.Infront_Gola_Michael_Shell.Blak_Lion.NAAZ-2.AA,9.002,38.760
EAAZ,5963,Atlas,,MSAN-0868_DG.ZTE.Near_Bole_Tele_Exchange_Bole.EAAZ.AA,9.00191796,38.79930172
NAAZ-2,2053,kirkos,,112092-Mini-OLT-Shimels_Habte_School.HW.NAAZ-2.AA,9.002,38.749
EAAZ,60060,Summit-72,,112146-Mini-OLT-AYAT_72_Village.ZTE.C650.Ayat.EAAZ.AA,9.00174,38.8664
NAAZ-2,2053,kirkos,,MDU-China-Camp.HW.Mexico_Genet_Hotel.NAAZ-2.AA,9.002,38.747
EAAZ,2090,Gereji,,MSAG-1114_DG.ZTE.Infront_Of_GTZ_Condominium_Gerji.EAAZ.AA,9.00156,38.81044
NAAZ-2,2053,Kirkos,,MSAG-0963_DG.ZTE.300M_Old_Beg_Tera.Bulgaria.NAAZ-2.AA,9.001,38.750
NAAZ-2,2053,Kirkos,,MSAG-0925.ZTE.Old_Beg_Tera.Bulgaria.NAAZ-2.AA,9.001,38.750
EAAZ,6044,BoleArabsa,,MSAN-2520_BB.HW.Condominuim_BNO_592_Bole_Arabsa.EAAZ.AA,9.001018,38.890364
EAAZ,2090,Gereji,,MSAN-1101_DGC.ZTE.Near_Sami_BLDG_ImperialHotel.EAAZ.AA,9.00101343,38.80109221
EAAZ,2090,Gereji,,MSAN-1102_DG.ZTE.Towards_UnityCollege_ImperialHotel.EAAZ.AA,9.00101343,38.80109221
NAAZ-2,2049,Olympia,,MSAG-0914_BB.ZTE.Riche_Meserete_Kirstos_Chruch.Riche.NAAZ-2.AA,9.001,38.763
EAAZ,2090,Gereji,,112131-Mini-OLT.HW.Gerji-MebratHaile.EAAZ,9.00083,38.81299
SWAAZ,1986,Karl,,111191-Mini-OLT-Weyra_Condo.ZTE.C620.Weyra_Sefer.SWAAZ.AA,9.000795,38.700592
EAAZ,2090,Gereji,,113085-Mini-OLT.ZTE.gerji-shemachoch.EAAZ,9.00077342,38.81303315
SWAAZ,1987,Keraniyo,,111189-Mini-OLT.ZTE.Betel-Georgis-Church.SWAAZ,9.000745,38.70057
EAAZ,5963,Atlas,,MSAG-0873_DG.ZTE.Near_Eneredada_Association_Bole.EAAZ.AA,9.000543,38.782701
EAAZ,5963,Atlas,,MSAN-0873_DG.ZTE.Near_Eneredada_Association_Bole.EAAZ.AA,9.000543,38.782701
EAAZ,189,Bole Medhanealem,,MSAN-0881_DGC.ZTE.Near_24_Water_Sewerage_Megenagna.EAAZ.AA,9.000543,38.782701
WAAZ,2063,Shegole,,MSAG-1508.ZTE.Infront_Peace_BLDG_Shegole.WAAZ.AA,9.000366543,38.74220788
EAAZ,2090,Gereji,,MSAG-1115_DG.ZTE.Behind_GTZ_Condominium_Gerji.EAAZ.AA,9.000342342,38.81201259
SWAAZ,178,Karl,,MSAG-1066_DG.ZTE.Mechare_Condominum_Gate_Sarbet.SWAAZ.AA,9.00034,38.73502
NAAZ-2,182,Legehar,,MSAG-0746_DG.ZTE.5th_to_Pepsi_400M_Right.Mexico.NAAZ-2.AA,9.000,38.740
EAAZ,5941,Summit,,113334-Mini-OLT-HW.Summit-40/60.EAAZ,9.00015,38.85088
EAAZ,5963,Atlas,,111136-OLT-ET_New_Office-1.HW.MA5800-X2.EAAZ.AA,9.00005,38.78447
EAAZ,189,Bole Medhanealem,,GPON-Bole_Tele.ZTE.Bole.EAAZ.AA,9.00005,38.7845
SWAAZ,178,Karl,,MSAN-1005_BB.HW.Infront_Minaye_BLDG_Golf_Club.SWAAZ.AA,9.00004,38.71885
NAAZ-2,2053,Kirkos,,MSAG-0909_DG.ZTE.300M_Before_Tele_Garage.Tele_Garage.NAAZ-2.AA,9.000,38.758
NAAZ-2,2053,kirkos,,MSAN-0909_DG.ZTE.300M_Before_Tele_Garage.Tele_Garage.NAAZ-2.AA,9.000,38.758
EAAZ,2090,Gereji,,MSAG-1102_DG.ZTE.Towards_UnityCollege_ImperialHotel.EAAZ.AA,8.99998,38.80427
EAAZ,5974,Goro-Figa,,MSAN-1104_BB.ZTE.Right_Of_GTZ_Condominium_Gerji.EAAZ.AA,8.99998,38.80427
EAAZ,189,Bole Medhanealem,,MSAN-0819_DGC.HW.Inside_Newbright_BLDG_Bole.EAAZ.AA,8.99993,38.8377
SWAAZ,2047,Lideta,,MSAG-0725_DGC.ZTE.Behind_Africa_Union.Mexico.SWAAZ.AA,8.99986253,38.74509757
NAAZ-2,2053,Kirkos,,MSAG-0922_DG.ZTE.Near_International_LAB.Bulgaria.NAAZ-2.AA,9.000,38.753
SWAAZ,1986,Lideta,,MSAN-7100.ZTE.Inside_Africa_Union.Mexico.SWAAZ.AA,8.999832185,38.74510404
EAAZ,5963,Atlas,,MSAG-0871_DG.ZTE.ET_Exchang_To_SAY_Pastry_Road_Bole.EAAZ.AA,8.99982101,38.783903
EAAZ,5963,Atlas,,MSAN-0821_BB.ZTE.Kebele_19_Recreation_Center_Bole.EAAZ.AA,8.9997698,38.780247
EAAZ,5963,Atlas,,MSAN-821.HUA.Inside_UNHCR_Building.Bole.EAAZ,8.9997698,38.780247
EAAZ,5940,Ayat,,OLT-111165.HW.OLT_Ayat_AYATTEL.EAAZ.AA,8.999722,38.784503
NAAZ-2,2048,Kazanchis,,111405-Mini-DSLAM-Hansem_BLDG_9806H.ZTE.Olympia.NAAZ-2.AA,9.000,38.772
SWAAZ,1986,Keraniyo,,MSAG-1704_DG.ZTE.Behind_St_George_Church_Weyra_Sefe.SWAAZ.AA,8.99961,38.70156
NAAZ-2,2049,Olympia,,MSAG-0791_BB.ZTE.Near_City_Plaza_Appartment.Olompia.NAAZ-2.AA,9.000,38.771
EAAZ,5963,Atlas,,MSAG-0869_DG.ZTE.Near_Helzer_TowerBole.EAAZ.AA,8.99948481,38.78606225
EAAZ,5963,Atlas,,MSAN-0869_DG.ZTE.Near_Helzer_TowerBole.EAAZ.AA,8.99948481,38.78606225
EAAZ,5963,Atlas,,MSAN-0870_DG.ZTE.Near_Sheger_BLDG_Bole.EAAZ.AA,8.99948481,38.78606225
EAAZ,5974,Goro-Figa,,MSAG-1105_BB.ZTE.Left_Of_GTZ_Condominium_Gerji.EAAZ.AA,8.99946492,38.81175418
EAAZ,2090,Gereji,,MSAN-1106_DG.ZTE.Behind_Abay_Bank_Gerji_Branch_Gerji.EAAZ.AA,8.99946492,38.81175418
EAAZ,5974,summit,,Mini-OLT-Flint_Stone_Home.ZTE.C620.EAAZ.AA,8.999416,38.835686
NAAZ-2,2053,Kirkos,,111428-Mini-OLT.ZTE.Old-begtera-Bulgaria.NAAZ-2.AA,8.999,38.749
EAAZ,5963,Atlas,,MSAN-0820_DGC.HW.Inside_Sheger_BLDG_Bole.EAAZ.AA,8.999348153,38.78499841
EAAZ,5974,Goro-Figa,,MSAG-1104_BB.ZTE.Right_Of_GTZ_Condominium_Gerji.EAAZ.AA,8.99933906,38.81258601
EAAZ,5974,Goro-Figa,,MSAN-1105_BB.ZTE.Left_Of_GTZ_Condominium_Gerji.EAAZ.AA,8.99933906,38.81258601
SWAAZ,1986,Keraniyo,,MSAG-1715_DG.ZTE.Left_Of_Taxi_Mazorya_Mehandis_Sefe.SWAAZ.AA,8.99928,38.70336
NAAZ-2,2048,Kazanchis,,MSAN-0720_DGC.ZTE.Right_To_Delux_Furniture.Olompia.NAAZ-2.AA,8.999,38.768
SWAAZ,1986,Keraniyo,,111223-Mini_OLT-Weyra_Sefer.HW.Betel_Sene_30.SWAAZ.AA,8.998991,38.695634
EAAZ,5963,Atlas,,113080-Mini-OLT.HW.Behind-Safayer-Hotel-1.EAAZ-AA,8.99892,38.7824
EAAZ,5963,Atlas,,113080-Mini-OLT.HW.Behind-safayer-Hotel-2.EAAZ,8.99892,38.7824
SWAAZ,1986,Karl,,MSAN-1057_DG.ZTE.Behind_Golf_Club_Oldairport.SWAAZ.AA,8.99887,38.72352
EAAZ,189,Bole Medhanealem,,MSAG-0875_DG.ZTE.Near_Bole_High_School_Bole.EAAZ.AA,8.998835686,38.78786447
SWAAZ,1986,Keraniyo,,MSAG-1706_DG.ZTE.Right_Of_Taxi_Mazoria_Mehandis_Sef.SWAAZ.AA,8.99862,38.70409
EAAZ,5963,Atlas,,MSAG-0870_DG.ZTE.Near_Sheger_BLDG_Bole.EAAZ.AA,8.99861,38.78561
NAAZ-2,2049,Olympia,,OLT-Bole_Matemia.ZTE.C650.NAAZ-2.AA,8.998,38.771
EAAZ,2090,Gereji,,MSAG-1103_DG.ZTE_Korea_Hospital.Gerji.EAAZ.AA,8.99794,38.80611
NAAZ-2,182,Legehar,,MSAN-0789_DGC.ZTE.Near_Lalibela_Hotel.Stadium.NAAZ-2.AA,8.998,38.768
NAAZ-2,2049,Olympia,,MSAN-7110.HW.Near_Bole_Printing.Welo_Sefer.NAAZ-2.AA,8.998,38.771
EAAZ,2090,Gereji,,OLT-111095.HW.Mini_OLT_0205022_Korea_Hosp_EAAZ.AA,8.99775,38.8054
EAAZ,5963,Atlas,,MDU-0013.HW.Inside_Bole_Medhanialem_BLDG_Bole.EAAZ.AA,8.997727,38.786276
SWAAZ,178,Bisrate Gebriel,,MSAN-1015.HW.Inside_Gidey_BLDG_Sarbet.SWAAZ.AA,8.99772,38.73952
SWAAZ,1986,Keraniyo,,111112-Mini_OLT-Alem_Bank.HW.Beside to_Wereda_04.SWAAZ.AA,8.997634,38.68301
SWAAZ,1986,Keraniyo,,MSAG-2030_DG.ZTE.Infront_Jemo_School_Alem_Bank.SWAAZ.AA,8.99759,38.68096
SWAAZ,1986,Keraniyo,,MSAG-2009_DG.ZTE.Near_Woreda_04_AlemBank.SWAAZ.AA,8.997529,38.682889
SWAAZ,1986,Keraniyo,,MSAN-2009.ZTE.Near_Woreda_04_AlemBank.SWAAZ.AA,8.997529,38.682889
NAAZ-2,2049,Olympia,,MSAG-0955_DG.ZTE.Near_Grain_Trade_Enterprise.Global.NAAZ-2.AA,8.997,38.760
NAAZ-2,2049,Olympia,,MSAN-0955_DG.ZTE.Near_Grain_Trade_Enterprise.Global.NAAZ-2.AA,8.997,38.760
EAAZ,5974,Goro-Figa,,OLT-112130.HW.Mini_OLT_0205019_Yerer.EAAZ.AA,8.997405,38.821454
SWAAZ,178,Bisrate Gebriel,,MSAN-1063_BB.HW.Infront_ET_Office_Old_Airport.SWAAZ.AA,8.99732,38.73082
EAAZ,5940,Ayat,,Nokia_OLT_113053_FX-4_Ayat_Diaspora_Village.EAAZ.AA,8.997294,38.888871
SWAAZ,178,Karl,,MSAN-1003_DG.HW.Russian_Camp_4th_Junction_Golf_Club.SWAAZ.AA,8.99716,38.7214
SWAAZ,1986,Keraniyo,,MSAG-1705_DG.ZTE.Sene_Selasa_Sefer_Weyra_Sefer.SWAAZ.AA,8.99708,38.69647
SWAAZ,178,Bisrate Gebriel,,MSAG-0939.ZTE.300M_Micheal_Church_to_Africa_Union.Kirkos.SWAAZ.AA,8.99698,38.74388
EAAZ,189,Bole Medhanealem,,MDU-0005.HW.Inside_Ednamall_BLDG_Bole.EAAZ.AA,8.9967356,38.7865944
EAAZ,5941,Summit,,OLT_11400.HW.MA5800X7_Atlets_Village_Mini_OLT.EAAZ,8.996679,38.847353
EAAZ,189,Bole Medhanealem,,MDU-0017.HW. Inside-Berhanie Aderie -BLDG-Bole -EAAZ -AA,8.996648,38.787233
EAAZ,5941,Summit,,111400-Mini-OLT-DEFENCE_HOUSING.ZTE.C620.Summit.EAAZ.AA,8.99664,38.847423
EAAZ,5941,Summit,,OLT-111400.HW.Mini_OLT..EAAZ.AA,8.99664,38.847423
NAAZ-2,2049,Olympia,,111077-DSLAM-Oromia_Police_H.Q_9806H.ZTE.NAAZ-2.AA,8.997,38.760
EAAZ,189,Bole Medhanealem,,MSAN-0854_DGC.HW.North_Bole_Medhanialem_Gate_Bole.EAAZ.AA,8.9966,38.79131
EAAZ,189,Bole Medhanealem,,MDU-0023.HW.Inside_Morning_Star_BLDG_Bole.EAAZ.AA,8.996593,38.78619
NAAZ-2,2049,Olympia,,MSAG-7114_DGC.ZTE.Inside_Office_Pharm_BLDG.Wolo_Sefer.NAAZ-2.AA,8.997,38.772
SWAAZ,1986,Karl,,MSAG-1055_BB.ZTE.Near_St_Trinty_Entrance_Golf_Club.SWAAZ.AA,8.996492,38.718246
SWAAZ,1986,Karl,,MSAN-1055_BB.ZTE.Near_St_Trinty_Entrance_GolfClub.SWAAZ.AA,8.996492,38.718246
NAAZ-2,2048,Kazanchis,,MSAG-0792_BB.ZTE.Infront_Shoa_Supermket.Wolo_Sefer.NAAZ-2.AA,8.996,38.773
EAAZ,5974,Goro-Figa,,MSAG-0336_BB.ZTE.Behind_Yerer_Police_Station_Gerji.EAAZ.AA,8.996343,38.828991
EAAZ,2090,Gereji,,MSAN-0337_BB.ZTE.Yerer_Hospital_Gerji.EAAZ.AA,8.996343,38.828991
NAAZ-2,2053,Kirkos,,MSAG-0951_DGC.ZTE.Near_Eweket_Fana_School.Kirkos.NAAZ-2.AA,8.996,38.756
NAAZ-2,2053,kirkos,,MSAN-0951_DGC.ZTE.Near_Eweket_Fana_School.Kirkos.NAAZ-2.AA,8.996,38.756
EAAZ,189,Bole Medhanealem,,MDU-0002.HW.Inside_BandC_BLDG_Bole.EAAZ.AA,8.996261,38.786233
SWAAZ,1986,Keraniyo,,MSAG-2008_DG.ZTE.Jemo_Shmachoch_Alem_Bank.SWAAZ.AA,8.99625,38.68322
SWAAZ,1986,Keraniyo,,MSAN-2008_DG.ZTE.Jemo_ShmachochAlemBank.SWAAZ.AA,8.99625,38.68322
EAAZ,189,Bole Medhanealem,,MSAG-0855_DG.ZTE.Hayat_Hospital_Bole.EAAZ.AA,8.99623,38.79092
EAAZ,189,Bole Medhanealem,,MSAN-0855_DG.ZTE.Hayat_Hospital_Bole.EAAZ.AA,8.99623,38.79092
EAAZ,5963,Atlas,,MSAN-0857_DG.ZTE.From_kebele_24_2_imperialKebele_24.EAAZ.AA,8.99623,38.79092
EAAZ,189,Bole Medhanealem,,MDU-0022.HW.Inside_MAFI_BLDG_Bole.EAAZ.AA,8.996088,38.78795
NAAZ-2,2049,Olympia,,MSAG-0734_BB.ZTE.Behind_Bole_Printing.Olompia.NAAZ-2.AA,8.996,38.771
SWAAZ,1986,Betel,,MSAG-2028_DG.ZTE.Near_Lonchin_Mazoria_Selte_Sefer.SWAAZ.AA,8.99585,38.67057
EAAZ,2090,Gereji,,MSAG-1106_DG.ZTE.Behind_Abay_Bank_Gerji_Branch_Gerji.EAAZ.AA,8.99579612,38.85236762
EAAZ,2090,Gereji,,MSAN-1107_BB.ZTE.Parlama_House_Gerji.EAAZ.AA,8.99579612,38.85236762
SWAAZ,2047,Lideta,,MDU-7163.HW.Dimple_Joint_Real_Estate.Lideta.SWAAZ.AA,8.995767,38.7473744
EAAZ,189,Bole Medhanealem,,MDU-0024.HW.Inside_Weldefikir_BLDG_Bole.EAAZ.AA,8.99576,38.78762
SWAAZ,178,Bisrate Gebriel,,MSAN-1013.HW.Inside_ACCRA_BLDG_Sarbet.SWAAZ.AA,8.99575,38.73934
NAAZ-2,2053,Kirkos,,MSAG-0938_DG.ZTE.Infront_International_Lab_Bulgaria.NAAZ-2.AA,8.996,38.752
EAAZ,5963,Atlas,,MDU-Robel_Plaza.HW.Robel_Plaza.EAAZ.AA,8.995697,38.785453
NAAZ-2,2053,Kirkos,,MSAG-0905_DG.ZTE.Around_Bulgariya_Beg_Tera.Bulgaria.NAAZ-2.AA,8.996,38.750
EAAZ,5963,Atlas,,MDU-0008.HW.Betsega_BLDG.EAAZ.AA,8.9956,38.78548
EAAZ,2089,Bole Michael,,MDU-0032.HW.inside_Friend_ship_Bldg_Bole.EAAZ.AA,8.9956,38.78548
SWAAZ,1986,Karl,,MSAG-1707.ZTE.Tabot_Maderya_Zeneb_Work.SWAAZ,8.99552,38.70922
SWAAZ,1982,Ayer Tena,,111175-Mini-OLT.C620.ZTE.Zenebe.Work.Tabote.Maderia.SWAAZ,8.995368993,38.7091406
SWAAZ,1986,Bisrate Gebriel,,MSAN-1021_DG.ZTE.Infront_Adams_Pavilion_BLDG_Sarbet.SWAAZ.AA,8.995221451,38.7391329
EAAZ,5941,Summit,,OLT-117143-Mini-OLT-Lemi_Kura_Endode.HW.EAAZ.AA,8.99521,38.8566
EAAZ,5974,Goro-Figa,,OLT-111090.HW.Mini_OLT_beside_goroschool.EAAZ,8.99518,38.8265
SWAAZ,1986,Ayer Tena,,112182-Mini-olt-Alem_bank_Worku_sefer.ZTE.C620.SWAAZ.AA,8.9950733,38.6760433
NAAZ-2,2053,kirkos,,MSAN-0903_DGC.ZTE.Near_International_Lab.Bulgaria.NAAZ-2.AA,8.995,38.752
NAAZ-2,2049,Olympia,,MSAG-0904_DG.ZTE.Beside_Minstry_Of_Revenu.Kirkos.NAAZ-2.AA,8.995,38.760
EAAZ,5963,Atlas,,MDU-0011.HW.Inside_Gulf_Aziz_BLDG_Bole.EAAZ.AA,8.994972,38.78532
EAAZ,2090,Gereji,,MSAG-1116_DG.ZTE.Inside_Condominium_Gerji.EAAZ.AA,8.99495,38.81031
NAAZ-2,2053,Kirkos,,MSAG-0903_DGC.ZTE.Near_International_Lab.Bulgaria.NAAZ-2.AA,8.995,38.752
EAAZ,189,Bole Medhanealem,,MSAN-0824_BB.HW.Near_Hayat_Hospital_Bole.EAAZ.AA,8.994911,38.794334
SWAAZ,1982,Ayer Tena,,MDU-FHC-Agusta-B.HW.Tor_Hailoch.SWAAZ.AA,8.9949073,38.71398022
SWAAZ,178,Sarbet,,MDU-1031.ZTE.Inside_Adams_Pavilion_BLDG.Sarbet.SWAAZ.AA,8.994904,38.739227
EAAZ,189,Bole Medhanealem,,MDU-0021.HW.Inside_ADIKA_BLDG_Bole.EAAZ.AA,8.99487,38.78496
EAAZ,2090,Gereji,,MSAG-1117_DG.ZTE.Near_Condominium_Gerji.EAAZ.AA,8.99483,38.81182
SWAAZ,1986,Keraniyo,,MSAG-2021_DG.ZTE.Ledia_Clinic_Alem_Bank.SWAAZ.AA,8.994803703,38.68525059
SWAAZ,1986,Ayer Tena,,MSAG-2029.ZTE.South_Mobil_Gas_Station_Ayer_Tena.SWAAZ.AA,8.994714604,38.68506343
SWAAZ,1982,Ayer Tena,,MDU-FHC-Agusta-A.HW.Tora_Hailoch.SWAAZ.AA,8.994657,3871412000
NAAZ-2,2053,Kirkos,,MSAG-0936_DG.ZTE.Beside_Kirkos_Exchange.Kirkos.NAAZ-2.AA,8.995,38.754
EAAZ,189,Bole Medhanealem,,MSAG-0840.ZTE.Infront_of_Golden_Tulip_Hotel_Bole.EAAZ.AA,8.99451,38.78688
NAAZ-2,2053,Kirkos,,MSAG-0959_DGC.ZTE.Behind_Alpha_University.Kirkos.NAAZ-2.AA,8.994,38.756
NAAZ-2,2053,kirkos,,MSAN-0959_DGC.ZTE.Behind_Alpha_University.Kirkos.NAAZ-2.AA,8.994,38.756
SWAAZ,178,Bisrate Gebriel,,MSAG-0930_DGC.ZTE.Left_Corner_Micael_Church.Bulgaria.SWAAZ.AA,8.99432,38.74779
EAAZ,5974,Goro-Figa,,MSAG-0335_DG.ZTE.Yerer_Police_Station_Gerji.EAAZ.AA,8.99428,38.82818
SWAAZ,178,Bisrate Gebriel,,MDU-1033.ZTE.Inside_Africa_Insurance_BLDG.Besrate_Gebreal.SWAAZ.AA,8.99417,38.72791
EAAZ,189,Bole Medhanealem,,MDU-0018.HW.Inside_Beza_BLDG_Bole.EAAZ.AA,8.994122,38.79032
NAAZ-2,2049,Olympia,,111168-OLT-ET_New_Office-2.HW.MA5800_X2.Olempia.NAAZ-2.AA,8.994,38.754
EAAZ,5974,Goro-Figa,,Mini-OLT-HW-111719-Behaind-Yerer-Hospital-EAAZ.AA,8.994037,38.829249
EAAZ,2090,Gereji,,111089-Mini-OLT.HW.Gerji-Tele.EAAZ.AA,8.994035,38.812849
EAAZ,5963,Atlas,,OLT-111136.HW.OLT_Bole_BOLTEL.EAAZ.AA,8.99403,38.81276
NAAZ-2,2049,Olympia,,MSAG-0771_BB.ZTE.Near_Dandi_Boru_Condominium.Olompia.NAAZ-2.AA,8.994,38.771
SWAAZ,1986,Karl,,MSAN-1053_DG.ZTE.Arround_Qatar_Embassy.SWAAZ.AA,8.993903175,38.73553721
EAAZ,2090,Gereji,,MSAG-1118_DG.ZTE.Gergi_Tele_Exchange_Gerji.EAAZ.AA,8.993893204,38.81293545
SWAAZ,178,Bisrate Gebriel,,MDU-1036.ZTE.Inside_Kelifa_Sabit_BLDG.Besrate_Gebreal.SWAAZ.AA,8.993866,38.728573
NAAZ-2,2053,Kirkos,,MSAG-0901.ZTE.Eweket_Minch_KG.Kirkos.NAAZ-2.AA,8.994,38.752
EAAZ,2090,Gereji,,MSAG-1110_DGC.ZTE.Near_Taxi_Station_Gerji.EAAZ.AA,8.9938,38.80873
EAAZ,2090,Gereji,,MSAG-1111_DG.ZTE.Behind_Sunshine_Condomnum_B20_Gerji.EAAZ.AA,8.99377,38.81115
EAAZ,189,Bole Medhanealem,,113004-Mini-OLT-Bole-Friendship-Intl-Hotel.ZTE.C620.EAAZ,8.99367,38.78501
EAAZ,6044,BoleArabsa,,113054-Mini-OLT-Beshale_Condominium_40/60.ZTE.C650.EAAZ.AA,8.99361,38.883735
EAAZ,5940,Ayat,,OLT.HW.Mini_OLT_Ayat-Chefe_Condominum_40/60.EAAZ.AA,8.99361,38.883735
EAAZ,189,Bole Medhanealem,,MDU-0020.HW.Inside_Gammoo_Oromiya_BLDG_Bole.EAAZ.AA,8.993466,38.791
SWAAZ,1986,Karl,,MSAN-1001_DGC.ZTE.Higher_Secondary_School_Gebreal.SWAAZ.AA,8.99341,38.72712
SWAAZ,178,Bisrate Gebriel,,MDU-1032.ZTE.Inside_Adot_Multiplex_BLDG.Besrate_Gebreal.SWAAZ.AA,8.9933535,38.7279953
EAAZ,2090,Gereji,,MSAG-1109_BB.ZTE.Infront_Weberi_Hotel_Gerji.EAAZ.AA,8.99335,38.80791
EAAZ,5974,Gereji,,112252-Mini-OLT.HW.Wereda-13Gerji-Taxi-Tera.EAAZ.AA,8.993319,38.808968
EAAZ,2089,Bole Michael,,MSAG-0751_DG.ZTE.Left_To_Ethio_China_Road.Welo_Sefer.EAAZ.AA,8.993229,38.774282
EAAZ,5963,Atlas,,MSAN-0889_BB.HW.Near_Worbek_BLDG_Bole.EAAZ.AA,8.993093,38.780415
SWAAZ,2120,Ayer Tena,,111702-Mini-OLT.ZTE.Addis-Hiwot-School.SWAAZ,8.993,38.7063
SWAAZ,178,Bisrate Gebriel,,MSAN-1014.HW.Inside_Ki_Ab_BLDG_Sarbet.SWAAZ.AA,8.99299475,38.73949119
EAAZ,2090,Gereji,,MSAG-1108.ZTE.Behind_Markos_Pastry_Gerji.EAAZ.AA,8.99289,38.80737
NAAZ-2,2053,Kirkos,,MSAG-0937_DG.ZTE.200M_Kirkos_Tele_To_Kera.Kirkos.NAAZ-2.AA,8.993,38.753
EAAZ,5963,Atlas,,111273-DSLAM-Garad_Mall_9806H.ZTE.Welo_Sefer.EAAZ.AA,8.992696,38.775716
SWAAZ,1986,Bisrate Gebriel,,MSAN-1008.ZTE.Around_3_kut_Mazoria_Old_Airport.SWAAZ.AA,8.992628998,38.71726866
EAAZ,5941,Summit,,MDU_Summit_Condo_BLK_237.HW.Summit.EAAZ.AA,8.9926021,38.8542133
SWAAZ,1986,Ayer Tena,,MSAG-2027_DG.ZTE.Selefia_Mosque_Selte_Sefer.SWAAZ.AA,8.99244,38.67378
SWAAZ,1986,Bisrate Gebriel,,MSAG-1008_DG.ZTE.Around_3_kuter_Mazoria_Old_Airport.SWAAZ.AA,8.99234,38.7174
EAAZ,5940,Ayat,,MSAG-2510_DG.ZTE.Yeka_Abado_Condominium_1_Ayat.EAAZ.AA,8.992114003,38.79224593
SWAAZ,1986,Ayer Tena,,MSAG-2018_DG.ZTE.Kidan_Mehrate_Sq.SWAAZ.AA,8.99207,38.68907
SWAAZ,1986,Keraniyo,,MSAG-2007_DG.ZTE.Back_Of_Arsema_Hotel_Alem_Bank.SWAAZ.AA,8.99206,38.68906
EAAZ,2090,Gereji,,MSAG-1112.ZTE.Giorgis_Church_Gerji.EAAZ.AA,8.99203,38.81758
EAAZ,2090,Gereji,,MSAG-1107_BB.ZTE.Parlama_House_Gerji.EAAZ.AA,8.99186554,38.8078104
EAAZ,2090,Gereji,,MSAN-1113_BB.ZTE.Near_Gerji_EEPCO_ASG-Gerji-111089.EAAZ.AA,8.99186554,38.8078104
SWAAZ,178,Bisrate Gebriel,,MSAN-1002F1_DG.HW.Inside_Chefe_Oromia_Office_Sarbet.SWAAZ.AA,8.99185,38.73949
SWAAZ,178,Bisrate Gebriel,,MSAN-1002F2_DG.HW.Inside_Chefe_Oromia_Office_Sarbet.SWAAZ.AA,8.99185,38.73949
EAAZ,2089,Bole Michael,,MDU-0029.HW.Cooperative_Bank_Of_Oromia_HQ_Bole_Road.EAAZ.AA,8.991799,38.780264
EAAZ,189,Bole Medhanealem,,MSAN-0815_DGC.HW.Inside_Heritage_BLDG_Bole.EAAZ.AA,8.991758,38.792548
EAAZ,5938,BoleGurdShola,,MSAN-0339_DG.ZTE.150M_Catholic_Mission_GurdShola.EAAZ.AA,8.9915197,38.82897072
EAAZ,5963,Atlas,,MSAN-0884_BB.HW.Near_Dabi_BLDG_Bole.EAAZ.AA,8.99146,38.78327
SWAAZ,1986,Bisrate Gebriel,,MSAG-1048_BB.ZTE.Behind_Oromiay_BLDG_Sarbet.SWAAZ.AA,8.99146,38.74374
SWAAZ,1986,Bisrate Gebriel,,MSAN-1048_BB.ZTE.Behind_Oromiay_BLDG_Sarbet.SWAAZ.AA,8.99146,38.74374
NAAZ-2,2049,Olympia,,MSAG-7147_DGC.ZTE.Inside_Minna_BLDG.Wollo_Sefer.NAAZ-2.AA,8.991,38.772
SWAAZ,178,Old Airport,,MDU-1041.ZTE.Oromiya_Office.Old_Airport.SWAAZ.AA,8.991012,38.74172
SWAAZ,1986,Ayer Tena,,111117-Mini-OLT-Kidane_Mihret.HW.Ayer_Tena.SWAAZ.AA,8.9909855,38.6916823
EAAZ,189,Bole Medhanealem,,MSAG-0804_DGC.ZTE.Korea_Embassy_Bole.EAAZ.AA,8.99075,38.78484
EAAZ,189,Bole Medhanealem,,MSAN-0804_DGC.ZTE.Korea_Embassy_Bole.EAAZ.AA,8.99075,38.78484
EAAZ,189,Bole Medhanealem,,MSAN-0805_DG.ZTE.Near_kebele_23_Recreation_Bole.EAAZ.AA,8.99075,38.78484
EAAZ,2089,Bole Michael,,MSAN-0853F1_BB.HW.March_8_School_Bole.EAAZ.AA,8.9907396,38.7820108
EAAZ,2089,Bole Michael,,MSAN-0853F2_BB.HW.March_8_School_Bole.EAAZ.AA,8.9907396,38.7820108
SWAAZ,1986,Ayer Tena,,MSAG-2031_DG.ZTE.Debir_Abay_Vilage_Alem_Bank.SWAAZ.AA,8.99071474,38.68225922
EAAZ,2089,Bole Michael,,MSAN-7113.HW.Near_Tebaber_Berta_BLDG.Wollo_Sefer.EAAZ.AA,8.990602,38.773116
NAAZ-2,2049,Olympia,,MSAG-0954_DGC.ZTE.400M_Behind_Lancha_BLDG.Lancha.NAAZ-2.AA,8.991,38.763
NAAZ-2,2049,Olympia,,MSAN-0927.ZTE.ET_Ware_House_Intrance.Meskel_Flower.NAAZ-2.AA,8.991,38.763
NAAZ-2,2049,Olympia,,MSAN-0954_DGC.ZTE.400M_Behind_Lancha_BLDG.Lancha.NAAZ-2.AA,8.991,38.763
SWAAZ,178,Bisrate Gebriel,,MSAN-1019_DG.HW.Togo_Embassy_Sarbet.SWAAZ.AA,8.99056,38.72868
NAAZ-2,2049,Olympia,,MSAG-0923_DGC.ZTE.Next_Lancha_Police_Station.Lancia.NAAZ-2.AA,8.990,38.764
NAAZ-2,2049,Olympia,,MSAN-0923_DGC.ZTE.Next_Lancha_Police_Station.Lancia.NAAZ-2.AA,8.990,38.764
EAAZ,2089,Bole Michael,,MSAG-0879_DGC.ZTE_Boston_BLDG_Bole.EAAZ.AA,8.990322,38.784056
EAAZ,189,Bole Medhanealem,,MDU-0001.HW.Inside_Alem_BLDG_Bole.EAAZ.AA,8.990288,38.78486
NAAZ-2,2049,Olympia,,MSAG-0926_DGC.ZTE.Near_Finote_Loza_Hotel.Kirkos.NAAZ-2.AA,8.990,38.766
NAAZ-2,2053,kirkos,,MSAN-0911_BB.ZTE.150M_Cinema_Agona_to_St.Yared.Lancha.NAAZ-2.AA,8.990,38.766
SWAAZ,178,Bisrate Gebriel,,MDU-1038.ZTE.Inside_Laphto_Mall.Besrate_Gebreal.SWAAZ.AA,8.990153,38.726124
EAAZ,2089,Bole Michael,,MDU-0031.HW.inside_DH_GEDA_Bldg_Bole.EAAZ.AA,8.989972,38.785696
EAAZ,2089,Bole Michael,,MSAN-0885_BB.HW.Friendship_BLDG_Bole.EAAZ.AA,8.989972,38.785696
NAAZ-2,2053,Kirkos,,MDU-Concord.ZTE.Inside_Concord_BLDG.Lancha.NAAZ-2.AA,8.990,38.759
SWAAZ,1986,Bisrate Gebriel,,MSAG-1022_DG.ZTE.NIB_Bank_Vatican_Branch_Sarbet.SWAAZ,8.989836,38.737989
SWAAZ,1986,Bisrate Gebriel,,MSAN-1022_DG.ZTE.NIB_Bank_Vatican_Branch_Sarbet.SWAAZ.AA,8.989836,38.737989
SWAAZ,1986,Ayer Tena,,MSAG-2026.ZTE.Around_Health_Station_Selte_Sefer.SWAAZ.AA,8.98966,38.67606
EAAZ,5941,Summit,,MSAN-2533_BB.HW.Ayat_04_Summit_condominiumGIORGIS_AREA.EAAZ.AA,8.98962,38.857013
EAAZ,2090,Gereji,,NOKIA_OLT_Gerji_Kasanchise,8.989454,38.822565
SWAAZ,178,Bisrate Gebriel,,MSAN-1004_BB.HW.Near_Medicine_Factory_Gebreal.SWAAZ.AA,8.98937,38.72247
SWAAZ,1986,Bisrate Gebriel,,MSAG-1046_DG.ZTE.Infront_Tennis_Club_Old_Airport.SWAAZ.AA,8.989331697,38.727649
SWAAZ,1986,Bisrate Gebriel,,MSAN-1046_DG.ZTE.Infront_Tennis_Club_Old_Airport.SWAAZ.AA,8.989331697,38.727649
NAAZ-2,2053,kirkos,,MSAN-0902_DG.ZTE.Infront_Berta_Construction.Kera.NAAZ-2.AA,8.989,38.752
SAAZ,2054,Hana Mariam,,MSAN-1917_BB.ZTE.Left_After_Ring_Road_Bridge_Hana.SAAZ.AA,8.989,38.752
NAAZ-2,2053,Kirkos,,MSAG-0902_DG.ZTE.Infront_Berta_Construction.Kera.NAAZ-2.AA,8.989,38.752
SWAAZ,178,Bisrate Gebriel,,MDU-1035.ZTE.Inside_Boren_BLDG.Besrate_Gebreal.SWAAZ.AA,8.98921,38.724402
EAAZ,2089,Bole Michael,,MSAG-0862_DGC.ZTE.Japan_Embassy_Bole_Michael.EAAZ.AA,8.98903,38.78296
EAAZ,5974,Goro-Figa,,OLT-112133.HW.Mini_OLT_goro_silasemazoria.EAAZ,8.989,38.83713
NAAZ-2,2053,Kirkos,,MSAG-0952.ZTE.Inside_Wereha_Yekatit_school.Kirkos.NAAZ-2.AA,8.989,38.752
NAAZ-2,2053,kirkos,,MSAN-0952.ZTE.Inside_Wereha_Yekatit_School.Kirkos.NAAZ-2.AA,8.989,38.752
NAAZ-2,2049,Olympia,,MDU-INSA.ZTE.Inside_INSA.Wollo_Sefer.NAAZ-2.AA,8.989,38.771
SWAAZ,1982,Ayer Tena,,113245-Mini-OLT-Fanuel_Condominum.HW.SWAAZ.AA,8.988778,38.664294
SWAAZ,1986,Bisrate Gebriel,,111121-MINI-OLT-Vatican_Embassy.HW.SWAAZ.AA,8.98876,38.73311
NAAZ-2,2049,Olympia,,MDU-MOP.ZTE.Inside_INSA_BLDG.Welo_Sefer.NAAZ-2.AA,8.989,38.770
SAAZ,5908,Gotera,,111711-Mini-OLT-TEXA-Ware-House-C620-ZTE-SAAZ.AA,8.989,38.767
NAAZ-2,2053,Kirkos,,111417-Mini-Olt-Woreha_Yekatit_School.ZTE.C620.Kera.NAAZ-2.AA,8.989,38.753
EAAZ,189,Bole Medhanealem,,MSAN-0808_BB.HW.Bole_Mini_BLDG_Bole.EAAZ.AA,8.98859,38.78835
EAAZ,189,Bole Medhanealem,,MSAN-0888_BB.HW.Near_TK_BLDG_Bole.EAAZ.AA,8.98849,38.79185
EAAZ,189,Bole Medhanealem,,111406-Mini-OLT.HW.Japan-Condominium.EAAZ,8.9884,38.78215
SWAAZ,1986,Ayer Tena,,MSAG-2006_DG.ZTE.Infront_Ebadurahaman_Mosque_Alem_B.SWAAZ.AA,8.98825,38.69235
SWAAZ,1986,Bisrate Gebriel,,111190-Mini-OLT.ZTE.Medhanit-Fabrika.SWAAZ,8.9882,38.7182
NAAZ-2,2049,Olympia,,MDU-TEXA.ZTE.Inside_TExA.Welo_Sefer.NAAZ-2.AA,8.988,38.769
EAAZ,189,Bole Medhanealem,,MSAN-0807_BB.HW.Next_Kebele_20_Recreation_Center_Bole.EAAZ.AA,8.98775,38.78366
WAAZ,2022,Addisu Gebeya,,MSAG-0461_BB.ZTE.Near_Wereda_5_Club_Kechene.WAAZ.AA,8.9877384,38.75859146
NAAZ-2,2049,Olympia,,MSAG-0927.ZTE.ET_Ware_House_Intrance.Meskel_Flower.NAAZ-2.AA,8.988,38.765
EAAZ,2089,Bole Michael,,111164-Mini-OLT.HW.Bole-Homes.EAAZ-AA,8.987630392,38.79720366
NAAZ-2,2053,kirkos,,MSAN-0907_DGC.ZTE.Gate_of_Haleluya_Hospital.Lancha.NAAZ-2.AA,8.988,38.760
NAAZ-2,2049,Olympia,,MSAN-0926_DGC.ZTE.Near_Finote_Loza_Hotel.Kirkos.NAAZ-2.AA,8.988,38.760
SAAZ,5908,Gotera,,TEXA_LAB,8.987,38.769
SAAZ,5908,Gotera,,TeXa_LAB_7363_MDU_1,8.987,38.769
NAAZ-2,2049,Olympia,,MSAN-0910_DGC.ZTE.Behind_Nazra_Hotel.Meskel_Flower.NAAZ-2.AA,8.987,38.761
NAAZ-2,2053,Kirkos,,MSAG-0911-BB.ZTE.150M_Cinema_Agona_to_St.Yared.Lancha.NAAZ-2.AA,8.987,38.761
EAAZ,5974,Goro-Figa,,MSAG-1119_DGC.ZTE.Lemi_Industry_Village_Goro.EAAZ.AA,8.987122,38.818532
EAAZ,5965,Bole Michael,,MDU-0028A.HW.Inside_Grandview_Addis_Appartment_3.EAAZ.AA,8.986976,38.77484
NAAZ-2,2053,Kirkos,,MDU-Baleker.ZTE.Inside_Baleker_BLDG.Lancha.NAAZ-2.AA,8.987,38.760
EAAZ,5965,Bole Michael,,MDU-0028B.HW.Inside_Grandview_Addis_Appartment_1.EAAZ.AA,8.986933,38.77444
SWAAZ,1986,Ayer Tena,,MSAG-2035_DG.ZTE.Way_of_Hajamba_Kara_kore.SWAAZ.AA,8.986888318,38.66366411
EAAZ,5974,Goro-Figa,,OLT-112133.HW.Mini_OLT_goro_silasemazoria.EAAZ,8.986751629,38.84269379
NAAZ-2,182,Legehar,,MSAN-7125.ZTE.Coffee_and_Tea_BLDG.Mexico.NAAZ-2.AA,8.987,38.759
NAAZ-2,182,Legehar,,MSAN-7127_DGC.ZTE.Inside_Mortgage_Bank_BLDG.Senga_Tera.NAAZ-2.AA,8.987,38.759
NAAZ-2,182,Legehar,,MSAN-7128_DG.ZTE.Inside_Central_Region_Tele_BLDG.Leghar.NAAZ-2.AA,8.987,38.759
EAAZ,2089,Bole Michael,,MSAN-0829F1_BB.HW.Ruanda_Embassy_BoleMichael.EAAZ.AA,8.98666,38.77614
EAAZ,5963,Atlas,,MSAN-0830_DG.ZTE.Near_AwrarisHotel_22_Mazoriya.EAAZ.AA,8.98666,38.77614
SWAAZ,178,Bisrate Gebriel,,MSAN-1065_BB.HW.In_Woreda_4_Office_Sarbet.SWAAZ.AA,8.9865,38.74015
SWAAZ,1986,Ayer Tena,,MSAG-2023_BB.ZTE.Near_Big_Meskel_Selte_Sefer.SWAAZ.AA,8.98649,38.67974
SWAAZ,1986,Ayer Tena,,OLT-111433-Mini_OLT_Wetader_Sefer_C620.ZTE.SWAAZ.AA,8.98645565,38.67551526
NAAZ-2,2053,Kirkos,,MSAG-0907_DGC.ZTE.Gate_of_Haleluya_Hospital.Lancha.NAAZ-2.AA,8.986,38.759
SWAAZ,1986,Mekanisa,,111215-MDU-Alert_Hospita.ZTE.Inside_Alert_Hospital.Zenbe_Work.SWAAZ.AA,8.98638104,38.7114754
NAAZ-2,2053,Kirkos,,MDU-Haleluya.ZTE.Haleluya_Hospital.Gotera.NAAZ-2.AA,8.986,38.759
SWAAZ,1986,Ayer Tena,,111689-Mini-OLT-Professor_Jemal_Sefer.ZTE.C620.Ayertena.SWAAZ.AA,8.985823,38.689884
SWAAZ,1986,Bisrate Gebriel,,MSAG-1050_DGC.ZTE.Infront_Dubai_Embassy_Sarbet.SWAAZ,8.98549,38.73735
SWAAZ,1986,Bisrate Gebriel,,MSAN-1050_DGC.ZTE.Infront_Dubai_Embassy_Sarbet.SWAAZ.AA,8.98549,38.73735
SAAZ,5907,Gofa,,MSAG-0908_DG.ZTE.Beside_Kera_Kebt_Beret_Kera.SAAZ,8.985,38.748
EAAZ,2089,Bole Michael,,MDU-0030.HW.Avation_Federal_Police_Station.EAAZ.AA,8.985271,38.80688
EAAZ,60060,summit-72,,112257-Mini_Olt_Katsila-Mariam.ZTE.C620.EAAZ.AA,8.9847518,38.879086
SAAZ,5907,Gofa,,MSAG-0906_DGC.ZTE.DashenBank_Gofa_Branch_GofaMazoria.SAAZ.AA,8.985,38.750
EAAZ,5963,Atlas,,MSAG-0841.ZTE.200M_Infront_of_Yoly_Hotel_Bole_Yeka.EAAZ.AA,8.984051,38.788097
EAAZ,2089,Bole Michael,,MSAG-0235.ZTE.Gorgorios_Square_to_Wello_Sefer.Wello_Sefer.EAAZ.AA,8.983895,38.766301
SWAAZ,1986,Ayer Tena,,MSAG-2017_DG.ZTE.Near_Tele_Office_Ayer_Tena.SWAAZ.AA,8.98387,38.70249
SWAAZ,1986,Ayer Tena,,MSAN-2017_DG.ZTE.Near_Tele_Office_AyerTena.SWAAZ.AA,8.98387,38.70249
EAAZ,5941,Summit,,OLT-112230.HW.Mini_OLT_Summit_Giorgis.EAAZ.AA,8.98367,38.860254
SAAZ,5907,Gofa,,MSAN-0908_DG.ZTE.Beside_Kera_Kebt_Beret_Kera.SAAZ.AA,8.984,38.747
SWAAZ,1986,Ayer Tena,,MSAG-2033_BB.ZTE.Wetader_Sefer_Kara_kore.SWAAZ.AA,8.98352,38.67375
SWAAZ,1986,Ayer Tena,,MSAG-2001_DG.ZTE.Near_No_3_Bus_Station_Ayer_Tena.SWAAZ.AA,8.98345,38.70075
EAAZ,2089,Bole Michael,,MSAN-0804_DGC.HW.Inside_Aviation_Office_Airport.EAAZ.AA,8.9833,38.79639
SAAZ,5907,Gofa,,MSAG-0934_DGC.ZTE.Infront_Down_Town_Gofa_Mazoria.SAAZ.AA,8.983,38.750
EAAZ,6044,BoleArabsa,,OLT-113093.HW.Mini_OLT_Bole_arabsa.EAAZ.AA,8.983232,38.88598
SWAAZ,1986,Ayer Tena,,MSAG-2002_DGC.ZTE.Megertu_BLDG_Ayer_Tena.SWAAZ.AA,8.98314,38.69811
SWAAZ,1986,Ayer Tena,,MSAN-2002_DGC.ZTE.Megertu_BLDG_Ayer_Tena.SWAAZ.AA,8.98314,38.69811
EAAZ,2089,Bole Michael,,111010-mini-msan-bole-cargo_fl.HW.EAAZ,8.9831,38.7811
SWAAZ,1986,Ayer Tena,,111229-Mini-olt-Ayertena_Gerar_Condominium.ZTE.C620.SWAAZ.AA,8.982953,38.684673
SWAAZ,1982,Ayer Tena,,111226-Mini_OLT-Ayer_Tena.HW.Inside_Exchange.Ayer_Tena.SWAAZ.AA,8.982911,38.703433
NAAZ-2,2053,Kirkos,,MDU-Pepsi_Soft_Drink.ZTE.Inside_Pepsi_Store.Gotera.NAAZ-2.AA,8.983,38.756
SWAAZ,178,Bisrate Gebriel,,MSAG-1054_DG.ZTE.Around_Abo_Square_Mekanisa.SWAAZ.AA,8.98275,38.73432
SWAAZ,1986,Bisrate Gebriel,,MSAN_1009.ZTE.Infront_AboChurch_OldAirport.SWAAZ.AA,8.98259,38.7293
SWAAZ,1986,Mekanisa,,MSAG-2215_DG.ZTE.Infront_Abune_Argawi_Church_kore.SWAAZ,8.98259,38.70953
SWAAZ,1986,Mekanisa,,MSAN-2215_DG.ZTE.Infront_Abune_Argawi_Church_kore.SWAAZ,8.98259,38.70953
SWAAZ,1986,Ayer Tena,,MSAG-2003.ZTE.Beside_Hope_Enterprise_Ayer_Tena.SWAAZ.AA,8.98253,38.69659
SWAAZ,1986,Keraniyo,,MSAN-2003.ZTE.Beside_Hope_Enterprise_Ayer_Tena.SWAAZ.AA,8.98253,38.69659
EAAZ,2089,Bole Michael,,MSAG-0836_DGC.ZTE.Near_DH_Geda_Tower_Bole.EAAZ.AA,8.9823732,38.78717822
EAAZ,5963,Atlas,,MSAN-871_DG.ZTE.ET_Exchang_To_SAY_Pastry_Road_Bole.EAAZ.AA,8.9823732,38.78717822
SWAAZ,178,Bisrate Gebriel,,111179-Mini-OLT-Abo-Mekanisa.ZTE.C620.SWAAZ,8.982171,38.726698
SWAAZ,1986,Ayer Tena,,MSAG-2010_DG.ZTE.North_Mobil_Gas_Station_Ayer_Tena.SWAAZ.AA,8.98212,38.69198
EAAZ,60060,summit-72,,MSAN-2528_BB.HW.Ayat72_Village_Ayat.EAAZ.AA,8.982036,38.890198
SAAZ,5907,Gofa,,MSAN-0916.ZTE.Infront_Sofya_Mall_Kirkos.SAAZ.AA,8.981,38.749
EAAZ,2089,Bole Michael,,MSAG-0839A_DG.ZTE.Near_TaxiStation_Bole_Michael.EAAZ.AA,8.98128,38.77461
EAAZ,2089,Bole Michael,,MSAN-0839A_DG.ZTE.Near_TaxiStation_Bole_Michael.EAAZ.AA,8.98128,38.77461
SAAZ,5907,Gofa,,MSAG-0953_DG.ZTE.Kera_Almazye_Meda_Kera.SAAZ.AA,8.981,38.746
SAAZ,5907,Gofa,,MSAG-0916.ZTE.Infront_Sofya_Mall_Kirkos.SAAZ.AA,8.981,38.749
EAAZ,189,Bole Medhanealem,,MSAG-0805_DG.ZTE.Near_kebele_23_Recreation_Bole.EAAZ.AA,8.98106,38.77426
EAAZ,2089,Bole Michael,,MSAN-0805_DGC.HW.Inside_Main_Terminal_BLDG_Airport.EAAZ.AA,8.98106,38.77426
SWAAZ,1986,Ayer Tena,,MSAN-2039.ZTE.HAJAMBA.SWAAZ.AA,8.981004,38.667866
SWAAZ,1986,Ayer Tena,,MSAG-2011_DG.ZTE.Right_Of_Bajaj_Mazoria_Gerare.SWAAZ.AA,8.980988,38.684249
SWAAZ,1986,Ayer Tena,,MSAG-2004_DG.ZTE.Left_Of_Bajaj_Mazoria_Gerare.SWAAZ.AA,8.980842,38.684393
SWAAZ,1986,Ayer Tena,,111430-Mini-OLT-Ayer_Tena_Mosque.HW.MA5800X2.Ayer_Tena.SWAAZ.AA,8.98069,38.69422
EAAZ,2089,Bole Michael,,MSAN-0839BF1_BB.HW.Infront_ETShop_Bole_Michael.EAAZ.AA,8.98053,38.77477
EAAZ,2089,Bole Michael,,OLT-111010.HW.OLT_Bole_Michael_BOLMIC.EAAZ.AA,8.980350759,38.77522301
SAAZ,5907,Gofa,,MSAG-0962_DGC.ZTE.Behind_Sofya_Mall_Gofa_Gebreal.SAAZ,8.980,38.750
SAAZ,5908,Gotera,,113367-Mini-OLT-Kera-Near-Almaziye-Meda.SAAZ,8.980,38.744
SWAAZ,1986,Ayer Tena,,MSAG-2016.ZTE.Way_Of_Kality_500_meter_Ayer_Tena.SWAAZ.AA,8.97974326,38.69936754
SWAAZ,1986,Ayer Tena,,MSAN-2016.ZTE.Way_Of_Kality_500_meter_Ayer_Tena.SWAAZ.AA,8.97974326,38.69936754
SWAAZ,1986,Mekanisa,,111752-Mini_OLT-Basiliyos_School.HW.Ayer_Tena.SWAAZ.AA,8.97965102,38.70684862
SWAAZ,178,Bisrate Gebriel,,MDU-1034.ZTE.Inside_Beayine_BLDG.Besrate_Gebreal.SWAAZ.AA,8.979192,38.737673
SWAAZ,1986,Mekanisa,,MSAG-2214_DG.ZTE.Behind_Defense_Office_kore.SWAAZ.AA,8.97914,38.71771
SWAAZ,1986,Mekanisa,,MSAN-2205_DG.ZTE.Infront_Defense_Office_Kore.SWAAZ.AA,8.978041304,38.72132306
SWAAZ,1986,Ayer Tena,,MSAG-2032.ZTE.In_Repi_Condminium_2_Kara_kore.SWAAZ.AA,8.97746,38.68341
SAAZ,5907,Gofa,,MSAN-0932_DGC.ZTE.300M_Gebreal_Square_To_Gofa_Gofa.SAAZ.AA,8.977,38.746
SWAAZ,1986,Kore,,111586-Mini-OLT-Kore_Docteroch_Sefer.ZTE.C620.Kore.SWAAZ.AA,8.976911,38.717465
EAAZ,6044,BoleArabsa,,OLT-112222.HW.Mini_OLT_Bole_arabsa.EAAZ.AA,8.976802,38.892781
SWAAZ,1986,Ayer Tena,,MSAG-2013_DG.ZTE.Infront_Junier_School_Kara_kore.SWAAZ.AA,8.97677,38.67746
SAAZ,5907,Gofa,,MSAG-0932_DGC.ZTE.300M_Gebreal_Square_To_Gofa_Gofa.SAAZ.AA,8.977,38.747
SWAAZ,1986,Ayer Tena,,MSAG-2012_BB.ZTE.West_Of_Sub_Station_Kara_kore.SWAAZ.AA,8.976494,38.681127
SAAZ,5907,Gofa,,MSAG-0957_DGC.ZTE.Near_CBE_50mTo_Square_Gofa_Gebreal.SAAZ.AA,8.976,38.748
SWAAZ,1986,Mekanisa,,MSAG-2211_DG.ZTE.Kore_Condominium_1_kore.SWAAZ.AA,8.97626,38.72396
SAAZ,5907,Gofa,,MSAG-0956_DGC.ZTE.20M_To_Left_Gofa_Gebreal_Gofa.SAAZ.AA,8.976,38.749
SAAZ,5907,Gofa,,MSAN-0933_DGC.ZTE.300M_Left_Gebreal_Square_To_Gofa.SAAZ.AA,8.976,38.746
SAAZ,5907,Gofa,,MSAG-0933_DGC.ZTE.300M_Left_Gebreal_Square_To_Gofa.SAAZ.AA,8.976,38.746
SWAAZ,1986,Mekanisa,,MSAG-2204_DG.ZTE.Kore_Woreda_2_Office_Mekanisa.SWAAZ.AA,8.97594503,38.72707887
SWAAZ,1986,Mekanisa,,MSAN-2204_DG.ZTE.Kore_Woreda_2_Office_Mekanisa.SWAAZ.AA,8.97594503,38.72707887
SWAAZ,1986,Ayer Tena,,MSAG-2005_DGC.ZTE.East_Of_Sub_Station_Kara_kore.SWAAZ,8.975737,38.682591
SWAAZ,1986,Mekanisa,,MSAN-2213_DG.ZTE.Kore_Condominium3_kore.SWAAZ.AA,8.9756238,38.72306371
SWAAZ,2120,Torhailoch,,111186-Mini_OLT-Repi_Medhan_Alem.HW.MA5800X2.Repi.SWAAZ.AA,8.975383,38.686013
SWAAZ,1986,Ayer Tena,,MSAG-2014_BB.ZTE.Near_Bus_Station_Kara_kore.SWAAZ.AA,8.97518529,38.6511085
SWAAZ,1986,Ayer Tena,,MSAN-2014_BB.ZTE.Near_Bus_Station_Kara_kore.SWAAZ.AA,8.97518529,38.6511085
EAAZ,60060,summit-72,,MSAN-2521_BB.HW.Condominuim_BNO_657_Bole_Arabsa.EAAZ.AA,8.97506,38.88825
SWAAZ,1986,Mekanisa,,111183-Mini-OLT.ZTE.DOMBOSKO-ZTEC650.SWAAZ.AA,8.97427,38.72469
EAAZ,5974,Goro-Figa,,MSAN-1121_DG.ZTE.Bole_Lemi_Industry_Park02.EAAZ.AA,8.973863761,38.85829421
SWAAZ,1986,Ayer Tena,,MSAG-2015_DG.ZTE.North_Police_Station_Kara_kore.SWAAZ.AA,8.97372,38.68523
EAAZ,60060,summit-72,,MSAN-2523_BB.HW.Condominuim_BNO_99_Bole_Arabsa.EAAZ.AA,8.973278,38.890486
SWAAZ,1986,Mekanisa,,MSAG-2209_DG.ZTE.Mekanisa_Taxi_Station_Mekanisa.SWAAZ.AA,8.97311072,38.73089696
SWAAZ,1986,Mekanisa,,MSAN-2209_DG.ZTE.Mekanisa_Taxi_Station_Mekanisa.SWAAZ.AA,8.97311072,38.73089696
SAAZ,5908,Gotera,,MSAG-0205_DG.ZTE.Beside_Gatepro_Stell_Mamo_sefer.SAAZ.AA,8.973,38.766
SAAZ,5908,Gotera,,MSAN-0204_DGC.ZTE.Behind_Altmate_Motors_Mamo_sefer.SAAZ.AA,8.973,38.761
SAAZ,5908,Gotera,,MSAG-0204_DGC.ZTE.Behind_Altmate_Motors_Mamo_sefer.SAAZ.AA,8.973,38.761
SWAAZ,1986,Ajamba,,117134-Mini-OLT-Ajamba-Condominium.SWAAZ.AA,8.97282,38.658872
SWAAZ,1986,Mekanisa,,MSAG-2218_DG.ZTE.koshe_Bridge_koshe.SWAAZ.AA,8.97277,38.71201
SWAAZ,1986,Mekanisa,,111122-Mini-OLT.ZTE...C620.SWAAZ.AA,8.972245,38.713201
SAAZ,5907,Gofa,,MSAG-0920_DG.ZTE.Gofa_Camp_Tabot_Maderia_Gofa.SAAZ,8.972,38.742
SAAZ,5908,Gotera,,MDU-Geda Bank.ZTE.Gotera.Kirkos.SAAZ.AA,8.972,38.740
SAAZ,5907,Gofa,,111185-ZTE-Mini-Wereda-5-Lafto-Tabot-Maderia-SAAZ.AA,8.972,38.740
EAAZ,60060,summit-72,,MSAN-2517_BB.HW.Condominuim_BNO_424_Bole_Arabsa.EAAZ.AA,8.97155,38.8924
SAAZ,5907,Gofa,,MSAG-0961_DG.ZTE.Left_Side_Tabot_Maderia_Gofa.SAAZ.AA,8.971,38.740
EAAZ,6044,BoleArabsa,,111896-OLT-Bole_Arbsa.HW.MA5800-X7.Back_of_EELPA.EAAZ.AA,8.97097,38.87332
SAAZ,5908,Gotera,,MSAG-0203_DG.ZTE.Left_Corner_TVET_College_Nefas_Silk.SAAZ.AA,8.971,38.761
SAAZ,5908,Gotera,,MSAN-0203_DG.ZTE.Left_Corner_TVET_College_Nefas_Silk.SAAZ.AA,8.971,38.761
EAAZ,6044,BoleArabsa,,OLT-113055.HW.Mini_OLT_.Bole_arabsa.EAAZ.AA,8.970748,38.886188
SWAAZ,1986,Mekanisa,,MSAG-2219_DG.ZTE.Batu_Condominium_4_Mekanisa.SWAAZ.AA,8.9702,38.72738
SWAAZ,1986,Mekanisa,,MSAG-2201_DG.ZTE.Mekanisa_Tele_Mekanisa.SWAAZ.AA,8.9701,38.73114
SWAAZ,1986,Mekanisa,,OLT-Mekenisa.ZTE.C300v2_Inside Mekanisa tele.Mekanisa.SWAAZ.AA,8.96981,38.73066
EAAZ,5974,Goro-Figa,,MSAN-1120_DG.ZTE.Bole_Lemi_Industry_Park01.EAAZ.AA,8.9698,38.8563
SAAZ,184,Nefas Silk,,111007-Mini-MSAN-Disaster_FL.HW.SAAZ,8.970,38.760
SWAAZ,1986,Mekanisa,,MSAN-2203.ZTE_Jomo_Michael_Square_Mekanisa.SWAAZ.AA,8.96861161,38.7215134
SAAZ,5907,Gofa,,MSAG-0931_DGC.ZTE.50M_NOC_To_Gebreal_Gofa_Mebrat.SAAZ,8.969,38.749
EAAZ,5974,Goro-Figa,,MSAG-1632_DG.ZTE.Bole_Lemi_IT_Village_Summit.EAAZ.AA,8.968564535,38.84023825
SWAAZ,5942,Lebu,,MDU-FHC-Mekanissa.HW..Mekanisa.SWAAZ.AA,8.968537,38.731032
SAAZ,184,Nefas Silk,,MDU-MULEGE_TOWER.ZTE..SAAZ.AA,8.968,38.762
SWAAZ,1986,Mekanisa,,MSAG-2208_DG.ZTE.Near_Kefyalew_Pharmacy.Mekanisa.SWAAZ,8.96752,38.73156
SWAAZ,1982,Ayer Tena,,112156-Mini_OLT-Repi_School.HW.INSIDE-INSIDE_REPI_SCHOOL.SWAAZ.AA,8.96706,38.67299
SWAAZ,2047,Lideta,,MDU-Kefyalew-BLDG.HW.Ministry_Revenue.SWAAZ,8.967028,38.731629
SWAAZ,1986,Ayer Tena,,111433-MSAN-2041.ZTE.Inside_Welete Tele.Welete.SWAAZ.AA,8.966979,38.673028
SWAAZ,1986,Alem Gena,,MSAG-2049.ZTE.Wolete.SWAAZ,8.96653,38.66417167
SWAAZ,5949,Alem Gena,,MSAN-2043_BB.ZTE.Behind_Kabew_Hotel_Wolete.SWAAZ.AA,8.966524,38.673113
SAAZ,5907,Gofa,,MSAN-0968_BB.ZTE.Gofa_Condominium_B045_Gofa_Mebrat.SAAZ.AA,8.967,38.745
SWAAZ,1986,Mekanisa,,MSAG-2210_DG.ZTE.Michael_Bridge_Mekanisa.SWAAZ.AA,8.965686381,38.72776074
SAAZ,5907,Gofa,,NOKIA-OLT-113062-SAAZ-Gofa-Mebrat-Condominium-FX-4,8.965,38.744
SWAAZ,1986,Mekanisa,,MSAN-2210_DG.ZTE.Michael_Bridge_Mekanisa.SWAAZ.AA,8.96481189,38.72822213
SAAZ,184,Nefas Silk,,MSAG-0201_DG.ZTE.Near_Zone_Tele_Office_Nefas_Silk.SAAZ.AA,8.965,38.763
SAAZ,184,Nefas Silk,,MSAN-0201_DG.ZTE.Near_Zone_Tele_Office_Nefas_Silk.SAAZ.AA,8.965,38.763
SAAZ,5908,Gotera,,MSAG-0202_DG.ZTE.Infront_Zone_Tele_Office_Nefas_Silk.SAAZ.AA,8.965,38.763
SAAZ,5908,Gotera,,MSAN-0202_DG.ZTE.Infront_Zone_Tele_Office_Nefas_Silk.SAAZ.AA,8.965,38.763
EAAZ,5941,Goro-Figa,,112214-Mini-OLT.HW.ICT-Park.EAAZ,8.96438,38.8392
SWAAZ,1986,Mekanisa,,MSAG-2202_BB.ZTE.Infront_Adonite_Clinic_Mekanisa.SWAAZ.AA,8.96413,38.73019
SAAZ,184,Nefas Silk,,111007-Mini-olt-Nifassilk-ET-office.ZTE.C620.SAAZ.AA,8.964,38.763
SAAZ,184,Nefas Silk,,OLT-Nifas_Silk.ZTE.C300v2.N_Silk.SAAZ.AA,8.964,38.763
SAAZ,5907,Gofa,,MSAN-972.ZTE.GOFA_EEU_GOFA.SAAZ.AA,8.964,38.743
SAAZ,184,Nefas Silk,,MSAG-0207_DG.ZTE.Woreda_7_Admin_Nefas_Silk.SAAZ.AA,8.963,38.763
SAAZ,184,Nefas Silk,,MSAG-0217_DG.ZTE.Across_Sene_9_School_Bhere_Tsege.SAAZ,8.963,38.757
SAAZ,184,Nefas Silk,,111123-Mini-OLT-Werda 7-Sene 9-School-ZTE.SAAZ.AA,8.963,38.757
SWAAZ,5942,Lebu,,MSAG-2614_DG.ZTE.Behind_ET_Call_Center_Jemo.SWAAZ.AA,8.96203824,38.71490669
SWAAZ,1986,Mekanisa,,MSAN-2614.ZTE.Behind_ET_Call_Center_Jemo.SWAAZ.AA,8.96203824,38.71490669
SAAZ,184,Nefas Silk,,MSAG-0219_DG.ZTE.Mebrat_BhereTsge_Junction_BherTsege.SAAZ,8.962,38.756
SWAAZ,1986,Mekanisa,,111225-Mini-OLT-China_Real_State.ZTE.C620.SWAAZ.AA,8.96099,38.73499
SAAZ,5908,Gotera,,MSAN-0209_DG.ZTE.Next_To_Crosing_Bridge-Addis_Sefer.SAAZ.AA,8.961,38.768
SAAZ,5908,Gotera,,MSAG-0209_DG.ZTE.Next_To_Crosing_Bridge-Addis_Sefer.SAAZ.AA,8.961,38.768
EAAZ,5974,Goro-Figa,,OLT-0204033.HW.Mini_OLT_Wingu_Africa.EAAZ.AA,8.960394,38.84036
SWAAZ,1986,Mekanisa,,MSAN-2216.ZTE.Around_Germany_Square_Mekanisa.SWAAZ.AA,8.9603404,38.73259943
SAAZ,5908,Gotera,,MSAG-0211.ZTE.CBE_Kidane_Mihiret_Branch_Addis_Sefer.SAAZ.AA,8.960,38.769
SAAZ,184,Nefas Silk,,MSAN-0222_DG.ZTE.Near_Spring_BLDG_FAFA.SAAZ.AA,8.960,38.786
SWAAZ,5942,Lebu,,111577-Mini-OLT-Jemo-01-Condominium-gate.ZTE.C650.JEMO.SWAAZ,8.96008,38.7151
SAAZ,5908,Gotera,,MSAN-0208_DGC.ZTE.400M_Total_To_Addis_Sefer_N/Silk.SAAZ.AA,8.960,38.766
SAAZ,5908,Gotera,,MSAG-0208_DGC.ZTE.400M_Total_To_Addis_Sefer_N/Silk.SAAZ.AA,8.960,38.766
SWAAZ,1986,Kore,,NOKIA-OLT-113074-SWAAZ-Jemo-Kassa-real-state-FX-4,8.95956,38.72237
SAAZ,5908,Gotera,,MSAG-0212_DG.ZTE.Near_Woreda_9_Addis_Sefer.SAAZ.AA,8.959,38.772
SAAZ,5908,Gotera,,MSAN-0212_DG.ZTE.Near_Woreda_9_Addis_Sefer.SAAZ.AA,8.959,38.772
SWAAZ,1986,Bisrate Gebriel,,117108-MINI-OLT-JEMO_St_Gebriel.ZTE.C620.SWAAZ.AA,8.958574,38.69363
EAAZ,60060,summit-72,,113092-OLT-Bole_Arbsa.HW.MA5800-X7.Jarso_Square.EAAZ.AA,8.95848,38.88095
SAAZ,5952,Bole Bulbula,,111387-Mini-OLT-Bulbula-93-Mazoria-ZTE-C650.SAAZ.AA,8.958,38.786
SAAZ,184,Nefas Silk,,MSAG-0216_DGC.ZTE.Near_Saris_Red_Cross_Adey_Abeba.SAAZ,8.958,38.760
SWAAZ,5942,Lebu,,111211.HW.Mini_OLT_Jemmo.HW.Around_Haji_Real_State.SWAAZ.AA,8.95811822,38.70713406
SWAAZ,5942,Lebu,,MSAG-2610_DG.ZTE.Jemo_Condominium_No1_B208_Jemo.SWAAZ.AA,8.957842385,38.71197516
SWAAZ,5942,Lebu,,MSAG-2612_DG.ZTE.Jemo_Condominium_No1_B139_Jemo.SWAAZ.AA,8.957842385,38.71197516
SWAAZ,5942,Lebu,,MSAG-2613_DG.ZTE.Jemo_Condominium_No1_B270_Jemo.SWAAZ.AA,8.957842385,38.71197516
SAAZ,184,Nefas Silk,,MSAN-0215_DG.ZTE.Beside_Addey_Abeba_Textile.SAAZ.AA,8.958,38.763
SAAZ,184,Nefas Silk,,MSAG-0215_DG.ZTE.Beside_Addey_Abeba_Textile.SAAZ.AA,8.958,38.764
EAAZ,6044,BoleArabsa,,113282-Mini-OLT-HW.Bole-Arabsa-Con-P06.EAAZ,8.95745,38.88792
SAAZ,5908,Gotera,,MSAG-0214_DG.ZTE.100M_After_Cross_Railway_Adey_Abeba.SAAZ.AA,8.957,38.764
SAAZ,5908,Gotera,,MSAG-0213_DG.ZTE.Ring_Road_Highway_Bridge_Adey_Abeba.SAAZ.AA,8.957,38.768
SAAZ,5908,Gotera,,MSAN-0214_DG.ZTE.100M_After_Cross_Railway_Adey_Abeba.SAAZ.AA,8.957,38.764
SAAZ,184,Nefas Silk,,MSAG-0220_DG.ZTE.100M_to_Abssinia_Leather_BhereTsege.SAAZ,8.957,38.756
SWAAZ,5949,Alem Gena,,MSAN-2042_BB.ZTE.Near_Total_Station_Wolete.SWAAZ.AA,8.95639,38671290
SAAZ,5952,Bole Bulbula,,MSAG-0230_BB.ZTE.Near_Police_Station_Bulbula.SAAZ.AA,8.956,38.785
SAAZ,2054,Hana Mariam,,OLT-Lafto_Michael_Terara.ZTE.C650.SAAZ.AA,8.956,38.742
SWAAZ,1986,Kore,,NOKIA-OLT-113019-SWAAZ-Jemo-nifassilk-torism-office-FX-4,8.955341,38.71911
SWAAZ,5949,Alem Gena,,MSAN-2045_BB.ZTE.Wolete_Condominium_Gate_Wolete-3.SWAAZ.AA,8.95507,38.67604
SWAAZ,5949,Alem Gena,,MSAN-2044_BB.ZTE.Infront_NOC_Station_Wolete-1.SWAAZ.AA,8.954843,38.671284
SAAZ,2054,Hana Mariam,,MSAG-1918_DG.ZTE.Condominium_1_Main_Gate_Lafto.SAAZ,8.954,38.745
SWAAZ,1986,Alem Gena,,112159-OLT-Jemo_Furi.ZTE.C650.SWAAZ.AA,8.9539,38.6862
SAAZ,184,Nefas Silk,,MDU-RIESE_ENGINEERING.HW.SAAZ,8.953,38.764
SAAZ,5952,Bole Bulbula,,MSAG-0228_BB.ZTE.200M_LeftSide_MariamMazoria_Bulbula.SAAZ.AA,8.953,38.785
SAAZ,5952,Bole Bulbula,,111247-OLT-Mariam_Mazoria.ZTE.C650.Bulbula.SAAZ.AA,8.953,38.789
SAAZ,2054,Hana Mariam,,MSAG-1907_DG.ZTE.Lafto_Junction_Right_Corner_Lafto.SAAZ,8.953,38.745
SAAZ,2054,Hana Mariam,,MSAG-1908_DG.ZTE.Lafto_Junction_To_Michel_Left_Lafto.SAAZ.AA,8.953,38.745
SAAZ,2054,Hana Mariam,,NOKIA_MSAN-111120_SAAZ_LAFTO-MSAN-1,8.953,38.745
SAAZ,5952,Bole Bulbula,,113061-Mini-OLT_Bulbula.ZTE.C650.Bulbula.SAAZ.AA,8.952,38.787
SAAZ,5952,Bole Bulbula,,NOKIA-OLT-112188-SAAZ-Bulbula-Medhanialem-Church-FX-4,8.951,38.782
SWAAZ,5949,Alem Gena,,MSAN-2047_BB.ZTE.Near_NIB_Bank_Furi_Branch_Furi.SWAAZ.AA,8.95136,38.68693
SWAAZ,5949,Alem Gena,,MSAN-2046_BB.ZTE.Near_CBO_Bank_Furi_Branch_Furi.SWAAZ.AA,8.95109,38.68708
SWAAZ,1986,Alem Gena,,113025-Mini-OLT-Furi_Wuha_Limat.HW.SWAAZ.AA,8.950649236,38.68702864
SAAZ,2054,Hana Mariam,,111832-Mini-OLT-Lafto-Huletegna-Dereja-.ZTE.C650.SAAZ.AA,8.950,38.747
SWAAZ,5942,Lebu,,MSAG-2609_BB.ZTE.Behind_Abysinya_Bank_Lebu_Branch.Lebu.SWAAZ.AA,8.950205,38.723981
SWAAZ,5942,Lebu,,MSAN-2609_BB.ZTE.Behind_Abysinya_Bank_Lebu_Branch.Lebu.SWAAZ.AA,8.950205,38.723981
SWAAZ,5942,Lebu,,MSAN-2040.ZTE.Hope_University.Jemo.SWAAZ.AA,8.950196,38.7125
SAAZ,5952,Bole Bulbula,,OLT-Bulbula_40/60_condominum-2.ZTE.C650..SAAZ.AA,8.950,38.777
SAAZ,5952,Bole Bulbula,,OLT-Bulbula.40/60.condominum.1.ZTE.C650.SAAZ,8.950,38.777
SWAAZ,5942,Lebu,,MSAG-2608_DGC.ZTE.Near_Standford_School_Lebu.SWAAZ.AA,8.94982,38.72584
SAAZ,2054,Hana Mariam,,MSAG-1912_DG.ZTE.400M_Left_to_SouthwestSchool_Lafto.SAAZ.AA,8.950,38.742
SWAAZ,1986,Alem Gena,,MSAG-2050.ZTE.Alemgena.SWAAZ.AA,8.94973833,38.67546833
SAAZ,2054,Hana Mariam,,MSAG-1906_DGC.ZTE.Beside_AwashBank_Lafto_Branch.SAAZ,8.950,38.745
SAAZ,2054,Hana Mariam,,MSAG-1905_DGC.ZTE.200M_Left_Across_1906_Way_Lafto.SAAZ,8.949,38.746
SAAZ,2054,Hana Mariam,,MSAN-1912_DG.ZTE.400M_Left_to_SouthwestSchool_Lafto.SAAZ.AA,8.949,38.741
SWAAZ,5942,Lebu,,MSAG-2607_DGC.ZTE.Behind_SafewaySupermarket_Lebu.SWAAZ.AA,8.949398,38.731923
SWAAZ,5942,Lebu,,MSAN-2607_DGC.ZTE.Behind_SafewaySupermarket_Lebu.SWAAZ.AA,8.949398,38.731923
SAAZ,5952,Bole Bulbula,,MSAG-0227_DGC.ZTE.Near_Leul_BLDG_Bulbula.SAAZ.AA,8.949,38.781
SAAZ,5952,Bole Bulbula,,MSAN-0227_DGC.ZTE.Near_Leul_BLDG_Bulbula.SAAZ.AA,8.949,38.781
SWAAZ,5942,Lebu,,MSAG-2606_BB.ZTE.600M_BehindPoliceStation_MusicaBet.SWAAZ.AA,8.949155,38.71563
SWAAZ,5942,Lebu,,MSAN-2606_BB.ZTE.600M_BehindPoliceStation_MusicaBet.SWAAZ.AA,8.949155,38.71563
SAAZ,2054,Hana Mariam,,MSAG-1919_BB.ZTE.Genet_Condominium_Gate_2_Lafto.SAAZ,8.949,38.749
SAAZ,5908,Gotera,,MSAG-0223_BB.ZTE.200M_Across_Grain_Trade_Store-Abo..SAAZ,8.949,38.769
SAAZ,2054,Hana Mariam,,NOKIA-OLT-11173-SAAZ-Lafto-Ginbot-20-Secondary-School-FX-4,8.949,38.753
SAAZ,2054,Kality,,MDU-Womens-Rehabilitation.SAAZ.AA,8.949,38.764
SAAZ,184,Nefas Silk,,111070-Mini-OLT-Saris_Esat_Adega.ZTE.C620.SAAZ.AA,8.948,38.765
SAAZ,5952,Bole Bulbula,,MSAG-0225_DGC.ZTE.Behaind_Gizesh_BLDG_Bulbula.SAAZ,8.948,38.782
SAAZ,2054,Hana Mariam,,MSAN-1913_BB.ZTE.Near_Samuel_BLDG_Lebu_Mebrat.SAAZ.AA,8.948,38.735
SAAZ,2054,Hana Mariam,,MSAG-1904_DGC.ZTE.Opposite_Woreda_12_Junction_Lafto.SAAZ,8.947,38.746
SAAZ,2054,Hana Mariam,,MSAG-1909_DGC.ZTE.Souzwest_School_Near_MikyCafe_Lafto.SAAZ.AA,8.947,38.743
SWAAZ,5942,Lebu,,113018-Mini-OLT-Jemo-02.ZTE.C650.JEMO_Musica_Sefer.SWAAZ,8.9471,38.7199
SAAZ,184,Nefas Silk,,MSAG-0222_DG.ZTE.Near_Spring_BLDG_FAFA.SAAZ.AA,8.946,38.766
SWAAZ,5942,Lebu,,MSAN-0001.ZTE.Furi.SWAAZ.AA,8.94635743,38.6970198
SAAZ,2054,Hana Mariam,,MSAG-1910_BB.ZTE.50M_Southwest_To_Medhanialem_Lafto.SAAZ.AA,8.946,38.743
SAAZ,2054,Hana Mariam,,MSAN-1910_BB.ZTE.50M_Southwest_To_Medhanialem_Lafto.SAAZ.AA,8.946,38.743
SAAZ,2054,Hana Mariam,,MSAG-1911_BB.ZTE.Infront_Kebron_Guest_House_Lafto.SAAZ.AA,8.946,38.750
SAAZ,2054,Hana Mariam,,MSAN-1911_BB.ZTE.Infront_Kebron_Guest_House_Lafto.SAAZ.AA,8.946,38.741
SAAZ,184,Nefas Silk,,MSAG-0221_DGC.ZTE.At_FAFA_Main_Gate_FAFA.SAAZ.AA,8.946,38.765
SAAZ,184,Nefas Silk,,MSAN-0221_DGC.ZTE.At_FAFA_Main_Gate_FAFA.SAAZ.AA,8.946,38.765
SAAZ,2054,Hana Mariam,,MSAG-1901_DG.ZTE.ET_Office_Behind_2000_BLDG_Lafto.SAAZ.AA,8.946,38.748
SAAZ,2054,Hana Mariam,,MSAN-1901_DG.ZTE.ET_Office_Behind_2000_BLDG_Lafto.SAAZ.AA,8.946,38.748
SAAZ,2054,Kality,,OLT-111120.ZTE.Mini_OLT_lafto_huletshe.SAAZ.Tel,8.946,38.747
SAAZ,2054,Hana Mariam,,MSAG-1902_DG.ZTE.Tsedal_KG_Main_Gate_Lafto.SAAZ.AA,8.945,38.750
SAAZ,2054,Hana Mariam,,MSAN-1902_DG.ZTE.Tsedal_KG_Main_Gate_Lafto.SAAZ.AA,8.945,38.750
SAAZ,2054,Hana Mariam,,MSAN-1903_DG.ZTE.100M_Opposite_Tsedal_KG_Lafto.SAAZ.AA,8.945,38.751
SAAZ,2054,Hana Mariam,,MSAG-1903_DG.ZTE.100M_Opposite_Tsedal_KG_Lafto.SAAZ.AA,8.945,38.751
SWAAZ,5942,Lebu,,OLT.Lebu.ZTE.C300v2_Inside_Lebu_Exchange.Lebu.SWAAZ..AA,8.9439,38.7343
SWAAZ,5942,Lebu,,MSAG-2604.ZTE.Back_Woreda_1_Lebu.SWAAZ.AA,8.943723,38.723279
SWAAZ,5942,Lebu,,MSAN-2604.ZTE.BackWoreda1_Lebu.SWAAZ.AA,8.943723,38.723279
SAAZ,5952,Bole Bulbula,,113014-Mini-OLT-Bulbula.ZTE.C620.INSIDE_Chefe_Condom.SAAZ-AA,8.944,38.782
SWAAZ,5942,Lebu,,MSAG-2603.ZTE.Behind_Woreda_1_Lebu.SWAAZ.AA,8.9433,38.72165
SAAZ,2054,Hana Mariam,,OLT-0401044.HW.Mini_OLT_Lafto_Medhanialem.SAAZ.AA,8.942,38.744
SAAZ,60040,Koyefeche,,112181-Mini-OLT-Koye_Feche.ZTE.C620.Site_03.SAAZ.AA,8.942,38.744
SWAAZ,5942,Lebu,,MSAN-0002.ZTE.Furi.SWAAZ.AA,8.94217296,38.6924158
SAAZ,2054,Hana Mariam,,113087-Mini-OLT-Near_Peniel_Industry.ZTE.C620.Lebu_Mebrat.SAAZ.AA,8.942,38.740
SWAAZ,1986,Alem Gena,,112262-Mini-OLT-Wato_Sefer.ZTE.C650.Wato_Sefer.SWAAZ,8.94144264,38.64748866
SWAAZ,5942,Lebu,,NOKIA-OLT-112193-SWAAZ-Jemo-Abrhamu-Silasie-FX-4,8.940992,38.726801
SWAAZ,5949,Alem Gena,,MDU-Alem_Gena_Super_Double_T.ZTE.Alem_Gena.SWAAZ.AA,8.940923,38.65027
SWAAZ,5942,Lebu,,MSAG-2602.ZTE.Infront_Oromia_Condomin_Haile_Garment.SWAAZ.AA,8.94019,38.72541
SWAAZ,5949,Alem Gena,,117119-Mini_OLT-Wechecha_Kidane_Mihret.HW.Alem_Gena.SWAAZ.AA,8.93976,38.66189
SWAAZ,1982,Ayer Tena,,113017-MDU-VAMOS_REAL_STATE-9806V.ZTE.Haile_Garment.SWAAZ.AA,8.939417,38.720219
SAAZ,2054,Hana Mariam,,MSAG-1915_DG.ZTE.Opposite_Kotary_School_Hana.SAAZ.AA,8.939,38.741
SWAAZ,5942,Lebu,,113017-Mini-OLT-Gerare_Park.HW. Haile_Garment.SWAAZ AA,8.9385803,38.7220109
SAAZ,2054,Hana Mariam,,MSAG-1914.ZTE.200M_East_Kotary_School_Hana.SAAZ.AA,8.938,38.748
SWAAZ,5942,Lebu,,MSAN-2601_BB.ZTE.Infront_Lafto_SubcityHaileGarment.SWAAZ.AA,8.93822454,38.73359904
SAAZ,2054,Hana Mariam,,MSAN-1914.ZTE.200M_East_Kotary_School_Hana.SAAZ.AA,8.938,38.747
SAAZ,184,Nefas Silk,,MSAG-2312.ZTE.Abo_Condominium_B23_Kality..SAAZ,8.937,38.772
SAAZ,2054,Hana Mariam,,112075-Mini-OLT-Ankiyon-Montessori-School.SAAZ,8.937,38.752
SWAAZ,5942,Lebu,,Mini-OLT-Akaki_KOTARI_CONDUMINIUM.ZTE.C620.Akaki.SWAAZ.AA,8.936627,38.730495
SWAAZ,5942,Lebu,,Mini-OLT-Lebu.ZTE.C650.Lebu_Sefer_Village.Lebu.SWAAZ.AA,8.9356109,38.7260096
SAAZ,2054,Hana Mariam,,MSAN-1916_BB.ZTE.Right_After_Ring_Road_Bridge_Hana.SAAZ.AA,8.935,38.744
SAAZ,2054,Hana Mariam,,MSAG-1916_BB.ZTE.Right_After_Ring_Road_Bridge_Hana.SAAZ.AA,8.935,38.745
SAAZ,2054,Hana Mariam,,MSAG-1917_BB.ZTE.Left_After_Ring_Road_Bridge_Hana.SAAZ.AA,8.935,38.745
SWAAZ,5942,Lebu,,MSAG-2616.ZTE.Oromia_Condo.Haile_Garment.SWAAZ.AA,8.935067,38.7271
SWAAZ,1986,Alem Gena,,MSAN-Alem_gena-F1.ZTE.Alem_Gena.SWAAZ.AA,8.934696,38.664421
SWAAZ,1986,Alem Gena,,MSAN-Alem_gena_F2.ZTE.Alem_Gena.SWAAZ.AA,8.934696,38.664421
SAAZ,2054,Kality,,OLT-111005.ZTE.Mini_OLT_kality_catolhic.SAAZ.,8.933,38.774
SAAZ,5952,Bole Bulbula,,MSAN-0232_DG.ZTE.93_Bus_Station_Bulbula.SAAZ.AA,8.932,38.763
SAAZ,184,Nefas Silk,,MSAG-2301_DG.ZTE.Beside_ET_Station_Kality.SAAZ.AA,8.932,38.763
SAAZ,2054,Kality,,MSAN-2301_DG.ZTE.Beside_ET_Station_Kality.SAAZ.AA,8.932,38.763
SAAZ,60040,Koyefeche,,113430_Mini_OLT-Hachalu_Mender.HW.SAAZ.AA,8.932,38.821
SAAZ,2054,Kality,,111767-Mini-OLT-ET_Station-kality.ZTE.C650.SAAZ.AA,8.932,38.762
NAAZ-2,2053,kirkos,,OLT-Kirkos_Tele.ZTE.C300V2.Kirkos.NAAZ-2.AA,8.932,38.763
SWAAZ,1986,Alem Gena,,MSAG-2038_DGC.ZTE_200M_Left_Butajira_Road_Alem_Gena.SWAAZ.AA,8.931970569,38.66111627
SAAZ,2054,Kality,,MSAG-2304_DG.ZTE.Worku_Sefer_Kality.SAAZ,8.932,38.773
SWAAZ,5949,Alem Gena,,MSAG-2051.ZTE.Alemegna.SWAAZ.AA,8.931325,38.674125
SWAAZ,5949,Alem Gena,,OLT-113239-Alemegena_BUS_Station-HW-5800-x2.SWAAZ,8.930484,38.661527
SAAZ,2054,Kality,,112191-OLT-kality-werku-sefer.ZTE.C650.SAAZ.AA,8.930,38.776
SAAZ,184,Nefas Silk,,MSAG-2302_DG.ZTE.On_SouthCorner_Of_Maseltegna_Kality.SAAZ.AA,8.930,38.769
SAAZ,2054,Hana Mariam,,111429-Mini-OLT.ZTE.Hana_Chaka.C620.Hana_Mariam.SAAZ.AA,8.930,38.745
SAAZ,184,Nefas Silk,,MSAN-2302_DG.ZTE.On_SouthCorner_Of_Maseltegna_Kality.SAAZ.AA,8.929,38.768
SAAZ,2054,Kality,,MSAG-2303_DGC.ZTE.Beside_Water_D/ment_Maseltegna.SAAZ,8.929,38.769
SAAZ,2054,Hana Mariam,,NOKIA_MSAN_111574_SAAZ_HM_1111574_SAAZ_HM_1,8.928,38.737
SWAAZ,1986,Alem Gena,,MSAG-2052.ZTE.Alem_Gena.SWAAZ.AA,8.926485,38.664331
SAAZ,2054,Kality,,MSAG-2305_BB.ZTE.Ethio_Canada.Kality.SAAZ,8.923,38.765
SWAAZ,1986,Alem Gena,,MSAG-0006_DG.ZTE.Near_Michael_Church_Alem_Gena.SWAAZ.AA,8.92292,38.65062
SWAAZ,1986,Alem Gena,,MSAN-0006_DG.ZTE.Near_Michael_Church.Alem_Gena.SWAAZ,8.92292,38.65062
SWAAZ,5949,Alem Gena,,111302-Mini_OLT-Ayka_Addis_Factory.HW.Watto_Sefer.SWAAZ.AA,8.92115383,38.661884
SAAZ,2054,Kality,,MSAN-2305_BB.ZTE.Ethio_Canada_Kality.SAAZ.AA,8.921,38.766
SAAZ,2054,Kality,,111132-Mini-OLT-Kality-Infront_of_Mamco_Paper_Factory.ZTE.C620.SAAZ.AA,8.918,38.758
SAAZ,2054,Hana Mariam,,112166-Mini_OLT-Sefera_Mender.HW.Hana_Mariam.SAAZ.AA,8.918,38.735
SAAZ,2054,Kality,,MSAG-2309_DG.ZTE.Bside_Addis_Abeba_Foam_Crown_Hotel.SAAZ.AA,8.917,38.761
SAAZ,2054,Kality,,MSAN-2309_DG.ZTE.Bside_Addis_Abeba_Foam_Crown_Hotel.SAAZ.AA,8.917,38.761
SAAZ,2054,Kality,,OLT.HW.Mini_OLT_Wereda_7_around_maremiya_bet_Kality.SAAZ.AA,8.915,38.768
SAAZ,60040,Koyefeche,,OLT-111890.HW.Mini_OLT_Koye_Feche_1.SAAZ.AA,8.914,38.824
SAAZ,60040,Koyefeche,,113158-OLT-Koye_Feche_7.HW..SAAZ.AA,8.910,38.821
SAAZ,2054,Kality,,MSAG-2306_DGC.ZTE.Gebreal_Church_Kality.SAAZ,8.909,38.765
SAAZ,2054,Kality,,MSAG-2307_DG.ZTE.Near_Gebreal_Church_Kality.SAAZ.AA,8.909,38.765
SAAZ,2054,Kality,,MSAN-2307_DG.ZTE.Near_Gebreal_Church_Kality.SAAZ.AA,8.909,38.765
SAAZ,2054,Kality,,MSAN-2310_DGC.ZTE.Shadem_Pension_Taye_Sefer_Kality.SAAZ.AA,8.908,38.765
SAAZ,2054,Kality,,MSAG-2310_DGC.ZTE.Shadem_Pension_Taye_Sefer.Kality.SAAZ,8.908,38.765
SAAZ,2054,Kality,,112180-OLT-Kality_Cheri_Sefer.ZTE.C650.Kality.SAAZ.AA,8.907,38.754
SAAZ,60040,Koyefeche,,113159-Mini_Olt_Koye_Feche_8_SAAZ-AA,8.904,38.832
SAAZ,2056,Akaki,,MSAN-Kilnto_Industry_Park-01.ZTE.SAAZ.AA,8.904,38.816
SAAZ,2056,Akaki,,MSAN-Kilnto_Industtry_Park_02.ZTE.Kilnto.SAAZ.AA,8.904,38.816
SAAZ,2056,Akaki,,MSAN-Kilnto_Industtry_Park_03.ZTE.Kilnto.SAAZ.AA,8.904,38.816
SAAZ,60040,Koyefeche,,OLT-113612-Koyefeche_ethiotel_Shop-HW-5800-x7.SAAZ,8.904,38.825
SAAZ,2054,Kality,,OLT.HW.Mini_OLT_Chefe_Condominum_Kality.SAAZ.AA,8.902,38.779
SAAZ,2054,Kality,,MSAG-2308_DG.ZTE.Infront_EnatBank_Kality_Branch.SAAZ.AA,8.900,38.770
SAAZ,2054,Kality,,MSAN-2308_DG.ZTE.Infront_EnatBank_Kality_Branch.SAAZ.AA,8.900,38.770
SAAZ,2056,Akaki,,MSAN-0028_BB.HW.Condominium_B188_Qilinto.SAAZ.AA,8.898,38.804
SAAZ,2056,Akaki,,MSAN-44.HW.Alem_Bank.Tuludimtu.SAAZ.AA,8.898,38.802
SAAZ,2054,Kality,,OLT-111002.HW.Mini_OLT_Serti_Mariam_Sefer_Kaliti.SAAZ.AA,8.895,38.779
SAAZ,2054,Kality,,MSAN-0019_BB.ZTE.Near_Total_Station_Kality_Menaheria.SAAZ.AA,8.895,38.773
SAAZ,2054,Kality,,MSAG-0014_DGC.ZTE.CBE_Salo_Branch_Akaki.SAAZ.AA,8.894,38.772
SAAZ,2054,Kality,,MSAN-0014_DGC.ZTE.CBE_Salo_Branch_Akaki.SAAZ.AA,8.894,38.772
SAAZ,5907,Gofa,,0401049-MDU- Defense Transport  Construction-9806H-ZTE- SAAZ-AA,8.894,38.780
SAAZ,2054,Kality,,OLT-112137.HW.Mini_OLT_Wereda8_Nolawi_school.SAAZ.AA,8.892,38.783
SAAZ,2054,Kality,,MSAG-0018_BB.ZTE.Qwara_Hotel_Akaki_Stadium.SAAZ.AA,8.892,38.776
SAAZ,2054,Kality,,MSAN-0018_BB.ZTE.Qwara_Hotel_Akaki_Stadium.SAAZ.AA,8.892,38.776
SAAZ,2056,Akaki,,MSAN-0033_BB.HW.Klinto_Condominium_B261_Akaki.SAAZ.AA,8.891,38.800
SAAZ,2054,Kality,,112164-Mini-OLT.ZTE.Salo_Primary_School.C650.Kality.SAAZ.AA,8.891,38.761
SAAZ,2056,Akaki,,NOKIA_MSAN_112164_SAAZ_SALOGIORGIS-1,8.891,38.761
SAAZ,60040,Koyefeche,,113151-Mini_OLT_Koye_Feche_5.HW.SAAZ.AA,8.889,38.834
SAAZ,2054,Kality,,MSAG-0017_DG.ZTE.DerartuSchool_Junction_Akaki_Stadum.SAAZ.AA,8.888,38.782
SAAZ,2056,Akaki,,MSAN-0017_DG.ZTE.DerartuSchool_Junction_Akaki_Stadum.SAAZ.AA,8.888,38.782
SAAZ,2056,Akaki,,MSAG-0001_DG.ZTE.ET_Office_Akaki.SAAZ.AA,8.886,38.790
SAAZ,2056,Akaki,,MSAN-0001_DG.ZTE.ET_Office_Akaki.SAAZ.AA,8.886,38.790
SAAZ,60040,Koyefeche,,113152-Mini_Olt__Koye_Feche_6_SAAZ.AA,8.886,38.848
SAAZ,2056,Akaki,,112141_MDU_AASTU.HWAKAILINTO.SAAZ.AA,8.885,38.811
SAAZ,2054,Kality,,OLT-111267.HW.Mini_OLT_Gelan_Association_house_Zinet_kaliti.SAAZ.AA,8.885,38.772
SAAZ,2056,Akaki,,MSAG-0015_BB.ZTE.Youth_Cultural_Hall_Akaki_Stadium.SAAZ.AA,8.885,38.789
SAAZ,2056,Akaki,,MSAN-0015_BB.ZTE.Youth_Cultural_Hall_Akaki_Stadium.SAAZ.AA,8.885,38.789
SAAZ,2056,Akaki,,OLT-111034.ZTE.Mini_OLT_akaki08_tel_C620.SAAZ,8.884,38.783
SAAZ,2054,Kality,,MSAG-0016_BB.ZTE.Near_YouthCultural_Hall_AkakiStadum.SAAZ.AA,8.884,38.786
SAAZ,2054,Kality,,MSAN-0016_BB.ZTE.Near_YouthCultural_Hall_AkakiStadum.SAAZ.AA,8.884,38.786
SAAZ,2054,Kality,,OLT-113016.HW.Mini_OLT_Gelan_Condominium_MSAN_37.SAAZ.AA,8.884,38.782
SAAZ,2054,Kality,,MSAG-0013_BB.ZTE.Opposit_Kidane_Mihret_Church_Akaki.SAAZ.AA,8.882,38.778
SAAZ,2056,Akaki,,MSAN-0013_BB.ZTE.Opposit_Kidane_Mihret_Church_Akaki.SAAZ.AA,8.882,38.778
SAAZ,2056,Akaki,,MSAG-0021_BB.ZTE.LesperanceSchool_WayTo_Qlinto_Akaki.SAAZ.AA,8.880,38.791
SAAZ,2056,Akaki,,MSAN-0021_BB.ZTE.LesperanceSchool_WayTo_Qlinto_Akaki.SAAZ.AA,8.880,38.791
SAAZ,2054,Kality,,OLT.HW.Mini_OLT_Gelan_condominum_MSAN-35.SAAZ.AA,8.879,38.769
SAAZ,2056,Akaki,,MSAN-0012_BB.ZTE.Infront_KK_Blanket_Factory_Akaki.SAAZ.AA,8.879,38.781
SAAZ,2056,Akaki,,MSAN-0038_BB.ZTE.200M_Right_To_Gelan_Condominium_Akaki.SAAZ.AA,8.875,38.769
SAAZ,2056,Akaki,,OLT.HW.Mini_OLT_Tulu_Dimtu_MSAN_42.SAAZ.AA,8.871,38.805
SAAZ,2056,Akaki,,OLT.HW.Mini_OLT_Tulu_Dimtu_MSAN_43_SAAZ.AA,8.871,38.805
SAAZ,2056,Akaki,,OLT-113149.HW.Mini_OLT_Klinto_Condominium_MSAN_28.SAAZ.AA,8.871,38.8052693
SAAZ,2056,Akaki,,MSAG-0003_DG.ZTE.Federal_Court_Near_Adventist_Akaki.SAAZ,8.870,38.789
SAAZ,2054,Kality,,OLT-Kality.ZTE...C650.Kality.SAAZ.AA,8.870,38.789
SAAZ,2056,Akaki,,MSAG-0006_DG.ZTE_Post_Office_Akaki.SAAZ.AA,8.868,38.789
SAAZ,2056,Akaki,,MSAN-0006_DG.ZTE_Post_Office_Akaki.SAAZ.AA,8.868,38.789
SAAZ,2056,Akaki,,OLT-111408.ZTE.Mini_OLT_akaki_tel_C620.SAAZ,8.867,38.790
SAAZ,2056,Akaki,,MSAG-0002_DGC.ZTE.Near_CBE_Akaki_Branch_Akaki..SAAZ,8.867,38.789
SAAZ,2056,Akaki,,OLT-111408.HW.OLT_Akaki_AKKTEL.SAAZ.AA,8.867,38.789
SAAZ,2056,Akaki,,OLT-112228.HW.Mini_OLT_Tuludimtu.SAAZ.AA,8.867,38.825
SAAZ,2056,Akaki,,MSAG-0007_DG.ZTE.Opposit_Mengist_School_Akaki.SAAZ,8.866,38.791
SAAZ,2056,Akaki,,OLT.HW.Mini_OLT_Tulu_Dimtu_MSAN_44.SAAZ.HW,8.864,38.816
SAAZ,2056,Akaki,,MSAG-0005.ZTE.Beside_Mengist_School_Akaki.SAAZ.AA,8.864,38.792
SAAZ,2056,Akaki,,13703.ZTE.Mini_OLT_akaki_yeshitotal_C620.SAAZ,8.864,38.801
SAAZ,2056,Akaki,,MSAG-0009_BB.ZTE.Acros_Yeshi_Total_To_Left_Akaki.SAAZ.AA,8.862,38.801
SAAZ,2056,Akaki,,MSAN-0009_BB.ZTE.Acros_Yeshi_Total_To_Left_Akaki.SAAZ.AA,8.862,38.801
SAAZ,5907,Gofa,,MSAN-0931_DGC.ZTE.50M_NOC_To_Gebreal_Gofa_Mebrat.SAAZ.AA,8.862,38.801
SAAZ,2056,Akaki,,MSAG-0010_BB.ZTE.Across_Yeshi_Total_To_Right_Akaki.SAAZ.AA,8.862,38.802
SAAZ,2056,Akaki,,MSAN-0010_BB.ZTE.Across_Yeshi_Total_To_Right_Akaki.SAAZ.AA,8.862,38.802
SAAZ,2056,Akaki,,OLT-113154.HW.Mini_Olt_0401006_Wereda2_Gelan_YouthCenter.SAAZ.AA,8.861,38.788
SAAZ,2056,Akaki,,MSAG-0004_BB.ZTE.Steel_Factory_Akaki..SAAZ,8.860,38.796
SAAZ,2056,Akaki,,MSAG-0011_DG.ZTE.On_The_Way_OldRailway_Station_Akaki.SAAZ.AA,8.852,38.806
SAAZ,2056,Akaki,,MSAN-0011_DG.ZTE_On_The_Way_OldRailway_Station_Akaki.SAAZ.AA,8.852,38.806
SAAZ,2056,Akaki,,MSAG-0020_BB.ZTE.Anbesa_Stell_Factory_Akaki.SAAZ.AA,8.852,38.806
SAAZ,2056,Akaki,,MSAN-0020_BB.ZTE.Anbesa_Stell_Factory_Akaki.SAAZ.AA,8.852,38.806
SAAZ,5907,Gofa,,MSAG-0967_DG.ZTE.Gofa_Camp_Main_Gate_Gofa.SAAZ.AA,8.583,38.44436
SAAZ,5907,Gofa,,MSAG-0968_BB.ZTE.Gofa_Condominium_B045_Gofa_Mebrat.SAAZ.AA,8.580,38.44718
SAAZ,5907,Gofa,,MSAG-0971_DG.ZTE.Gofa_Condominium_B145_Gofa_Mebrat.SAAZ.AA,8.578,38.44524
SAAZ,184,Nefas Silk,,MSAG-0218_DG.ZTE.Right_Across_Sene9_Schol_BhereTsege.SAAZ,8.578,38.45422
SAAZ,5907,Gofa,,MSAG-0970_DG.ZTE.Gofa_Condominium_B099_Gofa_Mebrat.SAAZ.AA,8.578,38.44607
SAAZ,5908,Gotera,,MSAG-0210_DG.ZTE.Left_To_Crossing_Bridge_Addis_Sefer.SAAZ.AA,8.576,38.46085
SAAZ,5952,Bole Bulbula,,MSAG-0226_BB.ZTE.150M_Across_M/alem_Church_Bulbula.SAAZ,8.575,38.46850
SWAAZ,5942,Lebu,,MSAG-2611_DG.ZTE.Jemo_Condominium_No1_B153_Jemo.SWAAZ.AA,8.57471,38.42
SWAAZ,5942,Lebu,,MSAG-2615_DG.ZTE.Jemo_Condominium_No1_B289_Jemo.SWAAZ.AA,8.57401,38.42
SAAZ,5952,Bole Bulbula,,MSAG-0229.ZTE.Near_Pillar_Guest_House_Bulbula.SAAZ.AA,8.570,38.47083
SWAAZ,5942,Lebu,,MSAG-2605_DG.ZTE.400M_Behind_Police_Station_Mus_Bet.SWAAZ.AA,8.56897,38.43007
SAAZ,2054,Kality,,MSAG-2311_BB.ZTE.Near_Kola_Zinb_Factory_Kality.SAAZ,8.544,38.45766
SAAZ,2054,Kality,,MSAG-2313ZTE.Kality-crown-40/60condominium.SAAZ.AA,8.544,38.45766
SAAZ,2054,Kality,,MSAG-0024.ZTE.Gelan_Condominium_B080_Akaki.SAAZ,8.530,38.46148
SAAZ,2054,Kality,,MSAG-0025.ZTE.Gelan_Condominium_B006_Akaki.SAAZ.AA,8.529,38.46083
SAAZ,2054,Kality,,MSAG-0026_DG.ZTE.Gelan_Condominium_B238_Akaki.SAAZ,8.528,38.46032
